/*
SQLyog Ultimate v10.00 Beta1
MySQL - 5.7.27 : Database - heima_mm_team
*********************************************************************
*/

/*!40101 SET NAMES utf8 */;

/*!40101 SET SQL_MODE=''*/;

/*!40014 SET @OLD_UNIQUE_CHECKS=@@UNIQUE_CHECKS, UNIQUE_CHECKS=0 */;
/*!40014 SET @OLD_FOREIGN_KEY_CHECKS=@@FOREIGN_KEY_CHECKS, FOREIGN_KEY_CHECKS=0 */;
/*!40101 SET @OLD_SQL_MODE=@@SQL_MODE, SQL_MODE='NO_AUTO_VALUE_ON_ZERO' */;
/*!40111 SET @OLD_SQL_NOTES=@@SQL_NOTES, SQL_NOTES=0 */;
CREATE DATABASE /*!32312 IF NOT EXISTS*/`heima_mm_team` /*!40100 DEFAULT CHARACTER SET utf8 */;

/*Table structure for table `member` */

CREATE TABLE `member` (
  `id` varchar(100) NOT NULL,
  `NAME` varchar(20) DEFAULT NULL,
  `nickname` varchar(20) DEFAULT NULL,
  `phoneNum` varchar(20) DEFAULT NULL,
  `email` varchar(20) DEFAULT NULL,
  PRIMARY KEY (`id`)
) ENGINE=InnoDB DEFAULT CHARSET=utf8;

/*Data for the table `member` */

insert  into `member`(`id`,`NAME`,`nickname`,`phoneNum`,`email`) values ('E61D65F635D54F68B9865025C69773DB','李四','小四','236985452522','ls@qq.com'),('E61D65F673D54F68B0861025C69773DB','张三','小三','18888888888','zs@163.com'),('E61D65F673D54F68B0869825C69773DB','王五','小五','18585661563','ww@qq.com');

/*Table structure for table `order_traveller` */

CREATE TABLE `order_traveller` (
  `orderId` varchar(100) NOT NULL DEFAULT '',
  `travellerId` varchar(100) NOT NULL DEFAULT '',
  PRIMARY KEY (`orderId`,`travellerId`),
  KEY `travellerId` (`travellerId`),
  CONSTRAINT `order_traveller_ibfk_1` FOREIGN KEY (`travellerId`) REFERENCES `traveller` (`id`),
  CONSTRAINT `order_traveller_ibfk_2` FOREIGN KEY (`orderId`) REFERENCES `orders` (`id`)
) ENGINE=InnoDB DEFAULT CHARSET=utf8;

/*Data for the table `order_traveller` */

insert  into `order_traveller`(`orderId`,`travellerId`) values ('0E7231DC797C486290E8713CA3C6ECCC','3FE27DF2A4E44A6DBC5D0FE4651D3D3E'),('2FF351C4AC744E2092DCF08CFD314420','3FE27DF2A4E44A6DBC5D0FE4651D3D3E'),('3081770BC3984EF092D9E99760FDABDE','3FE27DF2A4E44A6DBC5D0FE4651D3D3E'),('5DC6A48DD4E94592AE904930EA866AFA','3FE27DF2A4E44A6DBC5D0FE4651D3D3E'),('96CC8BD43C734CC2ACBFF09501B4DD5D','3FE27DF2A4E44A6DBC5D0FE4651D3D3E'),('99bb32b0-01fe-491e-8b88-2b5a530880f0','3FE27DF2A4E44A6DBC5D0FE4651D3D3E'),('A0657832D93E4B10AE88A2D4B70B1A28','3FE27DF2A4E44A6DBC5D0FE4651D3D3E'),('CA005CF1BE3C4EF68F88ABC7DF30E976','3FE27DF2A4E44A6DBC5D0FE4651D3D3E'),('3081770BC3984EF092D9E99760FDABDE','EE7A71FB6945483FBF91543DBE851960'),('55F9AF582D5A4DB28FB4EC3199385762','EE7A71FB6945483FBF91543DBE851960'),('96CC8BD43C734CC2ACBFF09501B4DD5D','EE7A71FB6945483FBF91543DBE851960'),('CA005CF1BE3C4EF68F88ABC7DF30E976','EE7A71FB6945483FBF91543DBE851960'),('E4DD4C45EED84870ABA83574A801083E','EE7A71FB6945483FBF91543DBE851960'),('2FF351C4AC744E2092DCF08CFD314420','EE7A71FB6945483FBF92543DBE851960'),('3081770BC3984EF092D9E99760FDABDE','EE7A71FB6945483FBF92543DBE851960'),('99bb32b0-01fe-491e-8b88-2b5a530880f0','EE7A71FB6945483FBF92543DBE851960'),('A0657832D93E4B10AE88A2D4B70B1A28','EE7A71FB6945483FBF92543DBE851960'),('CA005CF1BE3C4EF68F88ABC7DF30E976','EE7A71FB6945483FBF92543DBE851960');

/*Table structure for table `orders` */

CREATE TABLE `orders` (
  `id` varchar(100) NOT NULL,
  `orderNum` varchar(20) NOT NULL,
  `orderTime` varchar(100) NOT NULL,
  `peopleCount` int(11) DEFAULT NULL,
  `orderDesc` varchar(500) DEFAULT NULL,
  `payType` int(11) DEFAULT NULL,
  `orderStatus` int(11) DEFAULT NULL,
  `productId` varchar(100) DEFAULT NULL,
  `memberId` varchar(100) DEFAULT NULL,
  `os` varchar(11) DEFAULT NULL,
  PRIMARY KEY (`id`),
  UNIQUE KEY `orderNum` (`orderNum`),
  KEY `productId` (`productId`),
  KEY `memberId` (`memberId`),
  CONSTRAINT `orders_ibfk_1` FOREIGN KEY (`productId`) REFERENCES `product` (`id`),
  CONSTRAINT `orders_ibfk_2` FOREIGN KEY (`memberId`) REFERENCES `member` (`id`)
) ENGINE=InnoDB DEFAULT CHARSET=utf8;

/*Data for the table `orders` */

insert  into `orders`(`id`,`orderNum`,`orderTime`,`peopleCount`,`orderDesc`,`payType`,`orderStatus`,`productId`,`memberId`,`os`) values ('0E7231DC797C486290E8713CA3C6ECCC','12345','2021-11-22 21:27:27',1,'没什么',1,1,'676C5BD1D35E429A8C2E114939C5685A','E61D65F635D54F68B9865025C69773DB','0'),('2ada4485-0214-4322-93a6-c4643f23e265','08773','2021-11-23 11:22:48',NULL,'						防火防盗',1,1,'12B7ABF2A4C544568B0A7C69F36BF8B7','E61D65F635D54F68B9865025C69773DB','0'),('2FF351C4AC744E2092DCF08CFD314420','67890','2021-11-22 21:27:27',2,'没什么',0,1,'12B7ABF2A4C544568B0A7C69F36BF8B7','E61D65F673D54F68B0861025C69773DB','0'),('3081770BC3984EF092D9E99760FDABDE','55555','2021-11-22 14:44:29',3,'没什么',0,1,'9F71F01CB448476DAFB309AA6DF9497F','E61D65F673D54F68B0869825C69773DB','0'),('31c1732f-e23e-47c7-a7c9-cbb3d6d344c5','80203','2021-11-23 19:39:33',NULL,'						dsf',1,1,'676C5BD1D35E429A8C2E114939C5685A','E61D65F635D54F68B9865025C69773DB','1'),('322681a0-f6d9-46d2-b4bc-55b05ec7222f','05909','2021-11-23 11:20:53',NULL,'						十多个',1,1,'9F71F01CB448476DAFB309AA6DF9497F',NULL,'1'),('4287363e-bd76-4d74-84a9-f64c755fcc09','31784','2021-11-23 11:59:52',NULL,'						是大股东',1,1,'12B7ABF2A4C544568B0A7C69F36BF8B7','E61D65F635D54F68B9865025C69773DB','1'),('51ddce75-a201-4531-8a6b-fb71e0276a55','57400','2021-11-24 11:27:39',NULL,'						是对方的事',0,1,'12B7ABF2A4C544568B0A7C69F36BF8B7','E61D65F635D54F68B9865025C69773DB','1'),('55F9AF582D5A4DB28FB4EC3199385762','33333','2021-11-22 15:49:42',2,'没什么',0,1,'9F71F01CB448476DAFB309AA6DF9497F','E61D65F673D54F68B0861025C69773DB','1'),('5DC6A48DD4E94592AE904930EA866AFA','54321','2021-11-22 15:49:42',2,'没什么',0,1,'676C5BD1D35E429A8C2E114939C5685A','E61D65F673D54F68B0861025C69773DB','1'),('96CC8BD43C734CC2ACBFF09501B4DD5D','22222','2021-11-22 12:55:24',2,'没什么',0,1,'12B7ABF2A4C544568B0A7C69F36BF8B7','E61D65F673D54F68B0861025C69773DB','1'),('99bb32b0-01fe-491e-8b88-2b5a530880f0','2445','2021-11-23 00:04:47',NULL,'				rtrg		',1,0,'9F71F01CB448476DAFB309AA6DF9497F','E61D65F673D54F68B0869825C69773DB','1'),('A0657832D93E4B10AE88A2D4B70B1A28','98765','2021-11-22 11:55:24',2,'没什么',0,0,'12B7ABF2A4C544568B0A7C69F36BF8B7','E61D65F673D54F68B0861025C69773DB','1'),('a069b693-863b-4ee3-bee6-51ffa591d50a','50533','2021-11-23 12:54:59',NULL,'			213			',0,1,'152e4d98-808d-425d-8398-ae5ccd216724','E61D65F635D54F68B9865025C69773DB','0'),('CA005CF1BE3C4EF68F88ABC7DF30E976','44444','2021-11-21 21:28:31',3,'没什么',0,1,'9F71F01CB448476DAFB309AA6DF9497F','E61D65F673D54F68B0861025C69773DB','1'),('d4747083-41bb-4652-a042-0e023d055cf6','46736','2021-11-23 12:54:36',NULL,'						232341435',0,1,'12B7ABF2A4C544568B0A7C69F36BF8B7','E61D65F635D54F68B9865025C69773DB','1'),('d82691a4-5994-4dc7-8456-0ad53267e7f1','23ss232d','2021-11-22 23:42:20',NULL,'						sdfg',0,1,'9F71F01CB448476DAFB309AA6DF9497F',NULL,'1'),('E4DD4C45EED84870ABA83574A801083E','11111','2021-11-21 20:06:33',2,'没什么',0,1,'12B7ABF2A4C544568B0A7C69F36BF8B7','E61D65F673D54F68B0861025C69773DB','1');

/*Table structure for table `permission` */

CREATE TABLE `permission` (
  `permissionId` varchar(50) NOT NULL,
  `permissionName` varchar(50) DEFAULT NULL,
  `url` varchar(50) DEFAULT NULL,
  `parentId` varchar(50) DEFAULT NULL,
  `parentName` varchar(50) DEFAULT NULL,
  `type` decimal(11,0) DEFAULT NULL COMMENT '0 主菜单/1 左侧菜单/2按钮/3 链接/4 状态',
  `state` decimal(11,0) DEFAULT NULL COMMENT '1启用0停用',
  `remark` varchar(50) DEFAULT NULL,
  PRIMARY KEY (`permissionId`)
) ENGINE=InnoDB DEFAULT CHARSET=utf8;

/*Data for the table `permission` */

insert  into `permission`(`permissionId`,`permissionName`,`url`,`parentId`,`parentName`,`type`,`state`,`remark`) values ('00c91db3-bc30-4c01-a817-133817f9aa26','添加角色','/system/role?operation=save','102',NULL,'2','1','添加角色'),('1','系统管理','/system',NULL,NULL,'0','1','2'),('101','用户管理','/system/user?operation=list','1','系统管理','1','1','1'),('102','角色管理','/system/role?operation=list','1','系统管理','1','1','3'),('103','资源权限管理','/system/permission?operation=list','1','系统管理','1','1','5'),('104','访问日志','/system/syslog?operation=list','1','系统管理','1','1',NULL),('11fdc39e-de9d-4065-8547-9c8ac83787e5','删除订单','/data/orders?operation=deleteByIds','202',NULL,'2','1','删除订单(伪删除)'),('1905e31d-6485-4626-ae9e-8ab902741bf4','去添加角色','/system/role?operation=toAdd','102',NULL,'2','1','去添加角色'),('2','基础数据','/data',NULL,NULL,'0','1',NULL),('201','产品管理','/data/product?operation=list','2','基础数据','1','1','产品管理'),('202','订单管理','/data/orders?operation=list','2','基础数据','1','1',NULL),('25404c37-303d-4a9d-addc-fca7845bf869','添加订单','/data/orders?operation=save','202',NULL,'2','1','添加订单'),('28215081-bcef-4b83-8095-76b86b23dc51','去添加订单','/data/orders?operation=toAdd','202',NULL,'2','1','去添加订单'),('34f68bc8-a24b-499d-b625-1a7087630c31','添加角色','/system/role?operation=add','102',NULL,'2','1','添加角色'),('39cb7f1b-b3d0-44fb-b8ec-0a634d979522','保存用户角色','/system/user?operation=addRoleToUser','101',NULL,'2','1','保存用户角色'),('3b2e556f-4a8d-4c34-91d4-c76f94123eb5','编辑角色','/system/role?operation=edit','102',NULL,'2','1','编辑角色'),('45652d1e-a81d-4270-b67f-fa357c59afaf','更改用户角色','/system/user?operation=updateRole','101',NULL,'2','1','更改用户角色'),('4f3e5c81-1d3b-4f43-b683-4a9d59c703af','更新权限','/system/permission?operation=update','103',NULL,'2','1','更新权限'),('50d80b5a-6ea3-409c-8183-4f1b8b3386a8','去编辑角色','/system/role?operation=toEdit','102',NULL,'2','1','去编辑角色'),('5375ad19-1da1-4767-864f-41359c1f2f21','导出日志','/system/syslog?operation=downLoad','104',NULL,'2','1','导出日志'),('5442098b-881c-42fd-a7e6-011b1a99c73a','删除角色','/system/role?operation=delete','102',NULL,'2','1','删除角色'),('57ac7169-15f7-43ea-8437-652cc7f8b247','删除日志','/system/syslog?operation=deleteIds','104',NULL,'2','1','删除日志'),('5a6aab47-e885-4f8c-80c1-d1a5a6f6e62a','启用订单','/data/orders?operation=open','202',NULL,'2','1','启用订单'),('6807ce85-9070-46bf-ab4d-048bdbe41265','去编辑产品','/data/product?operation=toEdit','201',NULL,'2','1','去编辑产品'),('73e01d62-2261-46dd-9e13-c857eea16946','添加用户','/system/user?operation=save','101',NULL,'2','1','添加用户'),('7589f1c6-6d05-4089-9d29-1902fe53aca9','更改权限','/system/role?operation=author','102',NULL,'2','1','更改权限'),('8709204a-09b7-471a-9f3d-04d808aa3e85','屏蔽订单','/data/orders?operation=close','202',NULL,'2','1','屏蔽订单'),('8ff9058a-7772-4c20-8be6-25343a115a05','角色详情','/system/role?operation=findById','102',NULL,'2','1','角色详情'),('90157779-4b90-4b08-848a-48638ed2d896','停用产品','/data/product?operation=close','201',NULL,'2','1','停用产品'),('a0a1f6cd-d177-4d66-ae9a-a3b7b8621228','编辑产品','/data/product?operation=edit','201',NULL,'2','1','编辑产品'),('a4121504-3d05-427a-9fa4-341921379e97','搜索产品','/data/product?operation=productByNum','201',NULL,'2','1','搜索产品'),('a4cb944b-6156-4993-9d08-3209a7e1a8de','去添加产品','/data/product?operation=toAdd','201',NULL,'2','1','去添加产品'),('a86a1468-97b7-4ab4-8dc7-c6d05f6be3b5','状态改变','/system/role?operation=updateStatus','102',NULL,'2','1','状态改变'),('abcca01d-d64f-4e2d-aa8b-ae561b122a78','添加产品','/data/product?operation=save','201',NULL,'2','1','添加产品'),('aedbe420-532c-4f32-bc06-7b587d2ff389','启用产品','/data/product?operation=open','201',NULL,'2','1','启用产品'),('b0379bd5-3426-428b-bfa6-82aa34bf792c','用户详情','/system/user?operation=detail','101',NULL,'2','1','用户详情'),('b088700d-e172-4787-9794-848a3f4bb696','保存权限','/system/permission?operation=save','103',NULL,'2','1','保存权限'),('bce22c34-78fa-4e0d-bfeb-3bcf576184a9','删除产品','/data/product?operation=delete','201',NULL,'2','1','删除产品'),('be9af683-3761-4510-81c6-61ca3f904d69','搜索权限','/system/permission?operation=searchData','103',NULL,'2','1','搜索权限'),('bed85737-eff8-4065-8ddf-faa869a8587e','去编辑权限','/system/permission?operation=toEdit','103',NULL,'2','1','去编辑权限'),('ce80cf87-1778-48eb-ad84-1dadfbe72b95','保存角色权限','/system/role?operation=updateRolePermission','102',NULL,'2','1','保存角色权限'),('cf3c06e8-46e7-4c1a-9346-3a9ef2196ea9','去添加权限','/system/permission?operation=toAdd','103',NULL,'2','1','去添加权限'),('cf6a8b8d-be70-4ffe-bf2e-1aec8470a3ba','屏蔽权限','/system/permission?operation=closeSelected','103',NULL,'2','1','屏蔽权限'),('e3020242-0a44-4814-8915-268cc0d1639c','启用权限','/system/permission?operation=openSelected','103',NULL,'2','1','启用权限'),('e4590bf3-e898-4e01-af96-5bfe4f8f1dca','测试数据2','111','102',NULL,'2','1','111'),('ed53a56f-9988-410e-9cad-0a966cd58c16','查看订单详情','/data/orders?operation=toDetail','202',NULL,'2','1','查看订单详情'),('f3403a8f-b3c2-4808-b607-56ab9e059bde','去添加用户','/system/user?operation=toAdd','101',NULL,'2','1','去添加用户'),('f727dcc9-a2ca-4a40-85d8-096a558c7827','修改用户状态','/system/user?operation=updateStatus','101',NULL,'2','1','修改用户状态'),('f87bbb69-77c6-4cfd-96ed-d52ce0f264fb','查询日志','/system/syslog?operation=findByTime','104',NULL,'2','1','查询日志');

/*Table structure for table `product` */

CREATE TABLE `product` (
  `id` varchar(50) NOT NULL,
  `productNum` varchar(50) NOT NULL,
  `productName` varchar(50) DEFAULT NULL,
  `cityName` varchar(50) DEFAULT NULL,
  `DepartureTime` varchar(50) NOT NULL,
  `productPrice` double DEFAULT NULL,
  `productDesc` varchar(500) DEFAULT NULL,
  `productStatus` int(11) DEFAULT NULL,
  PRIMARY KEY (`id`),
  UNIQUE KEY `product` (`id`,`productNum`)
) ENGINE=InnoDB DEFAULT CHARSET=utf8;

/*Data for the table `product` */

insert  into `product`(`id`,`productNum`,`productName`,`cityName`,`DepartureTime`,`productPrice`,`productDesc`,`productStatus`) values ('0f2321aa-1a93-4581-86cb-235ee51d8f5d','0002','34124','上海','2021-11-17 13:25',4312431,'421412',0),('12B7ABF2A4C544568B0A7C69F36BF8B7','itcast-002','北京三日游777','北京','2021-11-22 17:02:59',1200,'不错的旅行',0),('152e4d98-808d-425d-8398-ae5ccd216724','66666','5555','海南','2021-11-17 10:30',2134,'21',1),('2c2d2e66-556f-4197-9481-7164f5be48f3','2321321','213','北京','2021-11-17 13:25',313,'1313213',1),('3d3c4c87-9ae7-40db-a5e6-2965ada57d2a','88888','7777','上海','2021-11-24 09:20',452335,'43232432',1),('5fa85f80-3b53-4efb-a2e8-92df62206177','0003','32143243','上海','1899-12-06 09:45',4132414,'134214234',1),('60aa1431-a476-4a25-ac92-cce752f06789','222222','333333','安徽','1899-12-05 05:25',123132,'231231',1),('637eec72-a81b-4af3-a085-d2f646641c10','12345','1234567','上海','2021-11-23 20:14',666,'7777',1),('676C5BD1D35E429A8C2E114939C5685A','itcast-002','北京三日游','北京','2019-07-27 20:13:38',1200,'不错的旅行',1),('80b2925f-2a72-4423-8c22-d8fd3a877a4a','3333','44444','上海','2021-11-25 14:50',45454656,'65467456354',1),('9F71F01CB448476DAFB309AA6DF9497F','itcast-003','上海五日游','上海','2021-11-22 17:01:12',1800,'魔都我来了',1),('c295e670-d7f2-46dc-a1e8-afe3698f9256',' 11123','321321','北京','2021-11-23 20:14',3213,'2321231',1),('c766db16-8b1b-4d74-b3ec-21cecbf3587f','0001','4314343','上海','2021-11-11 10:50',34124243,'31413413',1),('d48423db-aec7-429f-b8c5-7117150bdaff','12311','号','海南','2021-11-10 20:30',6882,'1231231',1),('d6fade10-0a76-436c-9988-67d89ba1d4b1','002','7777777','北京','2021-11-02 05:25',6.666666,'',1);

/*Table structure for table `province` */

CREATE TABLE `province` (
  `id` varchar(50) NOT NULL,
  `province` varchar(50) DEFAULT NULL,
  PRIMARY KEY (`id`)
) ENGINE=InnoDB DEFAULT CHARSET=utf8;

/*Data for the table `province` */

insert  into `province`(`id`,`province`) values ('1','北京'),('2','上海'),('3','安徽'),('4','海南'),('5','徐州');

/*Table structure for table `role` */

CREATE TABLE `role` (
  `id` varchar(50) NOT NULL,
  `roleName` varchar(50) DEFAULT NULL,
  `roleDesc` varchar(50) DEFAULT NULL,
  `status` varchar(50) DEFAULT NULL,
  PRIMARY KEY (`id`)
) ENGINE=InnoDB DEFAULT CHARSET=utf8;

/*Data for the table `role` */

insert  into `role`(`id`,`roleName`,`roleDesc`,`status`) values ('6c418863-0ab0-4483-b404-635f96e0e5bd','超级管理员','最高级权限','1'),('71d81de4-e773-4dba-a7cb-dfc6a702ea4c','系统管理员','系统管理','1'),('b422e903-ee76-4c0e-8f29-b72aef64bcb3','1111','11111','1'),('c3f81145-f677-4655-977a-08b805102f21','12a','test1','1'),('d11ddabc-a9f3-4709-85ee-a378674cec7c','test2','2','1'),('e096f497-2b09-4655-8562-55c7039869df','test3','3','1'),('e10a00b1-8ae7-4dec-80b3-9ddbfe698608','A','第1','1'),('ee4ea97a-5640-46bc-b030-df633eafc931','test1','1','1'),('f37e2885-ac43-47ef-98c6-7ffea0ee2125','数据管理员','数据管理','1'),('fe0d234e-e6f9-49e2-a640-30f5b2009c44','test4','4','1');

/*Table structure for table `role_permission` */

CREATE TABLE `role_permission` (
  `permissionId` varchar(50) NOT NULL DEFAULT '',
  `roleId` varchar(50) NOT NULL DEFAULT '',
  PRIMARY KEY (`permissionId`,`roleId`),
  KEY `roleId` (`roleId`),
  CONSTRAINT `role_permission_ibfk_2` FOREIGN KEY (`roleId`) REFERENCES `role` (`id`),
  CONSTRAINT `role_permission_ibfk_3` FOREIGN KEY (`permissionId`) REFERENCES `permission` (`permissionId`)
) ENGINE=InnoDB DEFAULT CHARSET=utf8;

/*Data for the table `role_permission` */

insert  into `role_permission`(`permissionId`,`roleId`) values ('00c91db3-bc30-4c01-a817-133817f9aa26','6c418863-0ab0-4483-b404-635f96e0e5bd'),('1','6c418863-0ab0-4483-b404-635f96e0e5bd'),('101','6c418863-0ab0-4483-b404-635f96e0e5bd'),('102','6c418863-0ab0-4483-b404-635f96e0e5bd'),('103','6c418863-0ab0-4483-b404-635f96e0e5bd'),('104','6c418863-0ab0-4483-b404-635f96e0e5bd'),('11fdc39e-de9d-4065-8547-9c8ac83787e5','6c418863-0ab0-4483-b404-635f96e0e5bd'),('1905e31d-6485-4626-ae9e-8ab902741bf4','6c418863-0ab0-4483-b404-635f96e0e5bd'),('2','6c418863-0ab0-4483-b404-635f96e0e5bd'),('201','6c418863-0ab0-4483-b404-635f96e0e5bd'),('202','6c418863-0ab0-4483-b404-635f96e0e5bd'),('25404c37-303d-4a9d-addc-fca7845bf869','6c418863-0ab0-4483-b404-635f96e0e5bd'),('28215081-bcef-4b83-8095-76b86b23dc51','6c418863-0ab0-4483-b404-635f96e0e5bd'),('34f68bc8-a24b-499d-b625-1a7087630c31','6c418863-0ab0-4483-b404-635f96e0e5bd'),('39cb7f1b-b3d0-44fb-b8ec-0a634d979522','6c418863-0ab0-4483-b404-635f96e0e5bd'),('3b2e556f-4a8d-4c34-91d4-c76f94123eb5','6c418863-0ab0-4483-b404-635f96e0e5bd'),('45652d1e-a81d-4270-b67f-fa357c59afaf','6c418863-0ab0-4483-b404-635f96e0e5bd'),('4f3e5c81-1d3b-4f43-b683-4a9d59c703af','6c418863-0ab0-4483-b404-635f96e0e5bd'),('50d80b5a-6ea3-409c-8183-4f1b8b3386a8','6c418863-0ab0-4483-b404-635f96e0e5bd'),('5375ad19-1da1-4767-864f-41359c1f2f21','6c418863-0ab0-4483-b404-635f96e0e5bd'),('5442098b-881c-42fd-a7e6-011b1a99c73a','6c418863-0ab0-4483-b404-635f96e0e5bd'),('57ac7169-15f7-43ea-8437-652cc7f8b247','6c418863-0ab0-4483-b404-635f96e0e5bd'),('5a6aab47-e885-4f8c-80c1-d1a5a6f6e62a','6c418863-0ab0-4483-b404-635f96e0e5bd'),('6807ce85-9070-46bf-ab4d-048bdbe41265','6c418863-0ab0-4483-b404-635f96e0e5bd'),('73e01d62-2261-46dd-9e13-c857eea16946','6c418863-0ab0-4483-b404-635f96e0e5bd'),('7589f1c6-6d05-4089-9d29-1902fe53aca9','6c418863-0ab0-4483-b404-635f96e0e5bd'),('8709204a-09b7-471a-9f3d-04d808aa3e85','6c418863-0ab0-4483-b404-635f96e0e5bd'),('8ff9058a-7772-4c20-8be6-25343a115a05','6c418863-0ab0-4483-b404-635f96e0e5bd'),('90157779-4b90-4b08-848a-48638ed2d896','6c418863-0ab0-4483-b404-635f96e0e5bd'),('a0a1f6cd-d177-4d66-ae9a-a3b7b8621228','6c418863-0ab0-4483-b404-635f96e0e5bd'),('a4121504-3d05-427a-9fa4-341921379e97','6c418863-0ab0-4483-b404-635f96e0e5bd'),('a4cb944b-6156-4993-9d08-3209a7e1a8de','6c418863-0ab0-4483-b404-635f96e0e5bd'),('a86a1468-97b7-4ab4-8dc7-c6d05f6be3b5','6c418863-0ab0-4483-b404-635f96e0e5bd'),('abcca01d-d64f-4e2d-aa8b-ae561b122a78','6c418863-0ab0-4483-b404-635f96e0e5bd'),('aedbe420-532c-4f32-bc06-7b587d2ff389','6c418863-0ab0-4483-b404-635f96e0e5bd'),('b0379bd5-3426-428b-bfa6-82aa34bf792c','6c418863-0ab0-4483-b404-635f96e0e5bd'),('b088700d-e172-4787-9794-848a3f4bb696','6c418863-0ab0-4483-b404-635f96e0e5bd'),('bce22c34-78fa-4e0d-bfeb-3bcf576184a9','6c418863-0ab0-4483-b404-635f96e0e5bd'),('be9af683-3761-4510-81c6-61ca3f904d69','6c418863-0ab0-4483-b404-635f96e0e5bd'),('bed85737-eff8-4065-8ddf-faa869a8587e','6c418863-0ab0-4483-b404-635f96e0e5bd'),('ce80cf87-1778-48eb-ad84-1dadfbe72b95','6c418863-0ab0-4483-b404-635f96e0e5bd'),('cf3c06e8-46e7-4c1a-9346-3a9ef2196ea9','6c418863-0ab0-4483-b404-635f96e0e5bd'),('cf6a8b8d-be70-4ffe-bf2e-1aec8470a3ba','6c418863-0ab0-4483-b404-635f96e0e5bd'),('e3020242-0a44-4814-8915-268cc0d1639c','6c418863-0ab0-4483-b404-635f96e0e5bd'),('ed53a56f-9988-410e-9cad-0a966cd58c16','6c418863-0ab0-4483-b404-635f96e0e5bd'),('f3403a8f-b3c2-4808-b607-56ab9e059bde','6c418863-0ab0-4483-b404-635f96e0e5bd'),('f727dcc9-a2ca-4a40-85d8-096a558c7827','6c418863-0ab0-4483-b404-635f96e0e5bd'),('f87bbb69-77c6-4cfd-96ed-d52ce0f264fb','6c418863-0ab0-4483-b404-635f96e0e5bd'),('00c91db3-bc30-4c01-a817-133817f9aa26','71d81de4-e773-4dba-a7cb-dfc6a702ea4c'),('1','71d81de4-e773-4dba-a7cb-dfc6a702ea4c'),('101','71d81de4-e773-4dba-a7cb-dfc6a702ea4c'),('102','71d81de4-e773-4dba-a7cb-dfc6a702ea4c'),('103','71d81de4-e773-4dba-a7cb-dfc6a702ea4c'),('104','71d81de4-e773-4dba-a7cb-dfc6a702ea4c'),('1905e31d-6485-4626-ae9e-8ab902741bf4','71d81de4-e773-4dba-a7cb-dfc6a702ea4c'),('34f68bc8-a24b-499d-b625-1a7087630c31','71d81de4-e773-4dba-a7cb-dfc6a702ea4c'),('39cb7f1b-b3d0-44fb-b8ec-0a634d979522','71d81de4-e773-4dba-a7cb-dfc6a702ea4c'),('3b2e556f-4a8d-4c34-91d4-c76f94123eb5','71d81de4-e773-4dba-a7cb-dfc6a702ea4c'),('45652d1e-a81d-4270-b67f-fa357c59afaf','71d81de4-e773-4dba-a7cb-dfc6a702ea4c'),('4f3e5c81-1d3b-4f43-b683-4a9d59c703af','71d81de4-e773-4dba-a7cb-dfc6a702ea4c'),('50d80b5a-6ea3-409c-8183-4f1b8b3386a8','71d81de4-e773-4dba-a7cb-dfc6a702ea4c'),('5375ad19-1da1-4767-864f-41359c1f2f21','71d81de4-e773-4dba-a7cb-dfc6a702ea4c'),('5442098b-881c-42fd-a7e6-011b1a99c73a','71d81de4-e773-4dba-a7cb-dfc6a702ea4c'),('57ac7169-15f7-43ea-8437-652cc7f8b247','71d81de4-e773-4dba-a7cb-dfc6a702ea4c'),('73e01d62-2261-46dd-9e13-c857eea16946','71d81de4-e773-4dba-a7cb-dfc6a702ea4c'),('7589f1c6-6d05-4089-9d29-1902fe53aca9','71d81de4-e773-4dba-a7cb-dfc6a702ea4c'),('8ff9058a-7772-4c20-8be6-25343a115a05','71d81de4-e773-4dba-a7cb-dfc6a702ea4c'),('a86a1468-97b7-4ab4-8dc7-c6d05f6be3b5','71d81de4-e773-4dba-a7cb-dfc6a702ea4c'),('b0379bd5-3426-428b-bfa6-82aa34bf792c','71d81de4-e773-4dba-a7cb-dfc6a702ea4c'),('b088700d-e172-4787-9794-848a3f4bb696','71d81de4-e773-4dba-a7cb-dfc6a702ea4c'),('be9af683-3761-4510-81c6-61ca3f904d69','71d81de4-e773-4dba-a7cb-dfc6a702ea4c'),('bed85737-eff8-4065-8ddf-faa869a8587e','71d81de4-e773-4dba-a7cb-dfc6a702ea4c'),('ce80cf87-1778-48eb-ad84-1dadfbe72b95','71d81de4-e773-4dba-a7cb-dfc6a702ea4c'),('cf3c06e8-46e7-4c1a-9346-3a9ef2196ea9','71d81de4-e773-4dba-a7cb-dfc6a702ea4c'),('cf6a8b8d-be70-4ffe-bf2e-1aec8470a3ba','71d81de4-e773-4dba-a7cb-dfc6a702ea4c'),('e3020242-0a44-4814-8915-268cc0d1639c','71d81de4-e773-4dba-a7cb-dfc6a702ea4c'),('f3403a8f-b3c2-4808-b607-56ab9e059bde','71d81de4-e773-4dba-a7cb-dfc6a702ea4c'),('f727dcc9-a2ca-4a40-85d8-096a558c7827','71d81de4-e773-4dba-a7cb-dfc6a702ea4c'),('f87bbb69-77c6-4cfd-96ed-d52ce0f264fb','71d81de4-e773-4dba-a7cb-dfc6a702ea4c'),('11fdc39e-de9d-4065-8547-9c8ac83787e5','c3f81145-f677-4655-977a-08b805102f21'),('2','c3f81145-f677-4655-977a-08b805102f21'),('201','c3f81145-f677-4655-977a-08b805102f21'),('202','c3f81145-f677-4655-977a-08b805102f21'),('25404c37-303d-4a9d-addc-fca7845bf869','c3f81145-f677-4655-977a-08b805102f21'),('28215081-bcef-4b83-8095-76b86b23dc51','c3f81145-f677-4655-977a-08b805102f21'),('5a6aab47-e885-4f8c-80c1-d1a5a6f6e62a','c3f81145-f677-4655-977a-08b805102f21'),('6807ce85-9070-46bf-ab4d-048bdbe41265','c3f81145-f677-4655-977a-08b805102f21'),('8709204a-09b7-471a-9f3d-04d808aa3e85','c3f81145-f677-4655-977a-08b805102f21'),('90157779-4b90-4b08-848a-48638ed2d896','c3f81145-f677-4655-977a-08b805102f21'),('a0a1f6cd-d177-4d66-ae9a-a3b7b8621228','c3f81145-f677-4655-977a-08b805102f21'),('a4121504-3d05-427a-9fa4-341921379e97','c3f81145-f677-4655-977a-08b805102f21'),('a4cb944b-6156-4993-9d08-3209a7e1a8de','c3f81145-f677-4655-977a-08b805102f21'),('abcca01d-d64f-4e2d-aa8b-ae561b122a78','c3f81145-f677-4655-977a-08b805102f21'),('aedbe420-532c-4f32-bc06-7b587d2ff389','c3f81145-f677-4655-977a-08b805102f21'),('bce22c34-78fa-4e0d-bfeb-3bcf576184a9','c3f81145-f677-4655-977a-08b805102f21'),('ed53a56f-9988-410e-9cad-0a966cd58c16','c3f81145-f677-4655-977a-08b805102f21'),('1','d11ddabc-a9f3-4709-85ee-a378674cec7c'),('101','d11ddabc-a9f3-4709-85ee-a378674cec7c'),('103','d11ddabc-a9f3-4709-85ee-a378674cec7c'),('104','d11ddabc-a9f3-4709-85ee-a378674cec7c'),('11fdc39e-de9d-4065-8547-9c8ac83787e5','d11ddabc-a9f3-4709-85ee-a378674cec7c'),('2','d11ddabc-a9f3-4709-85ee-a378674cec7c'),('202','d11ddabc-a9f3-4709-85ee-a378674cec7c'),('25404c37-303d-4a9d-addc-fca7845bf869','d11ddabc-a9f3-4709-85ee-a378674cec7c'),('28215081-bcef-4b83-8095-76b86b23dc51','d11ddabc-a9f3-4709-85ee-a378674cec7c'),('39cb7f1b-b3d0-44fb-b8ec-0a634d979522','d11ddabc-a9f3-4709-85ee-a378674cec7c'),('45652d1e-a81d-4270-b67f-fa357c59afaf','d11ddabc-a9f3-4709-85ee-a378674cec7c'),('4f3e5c81-1d3b-4f43-b683-4a9d59c703af','d11ddabc-a9f3-4709-85ee-a378674cec7c'),('5375ad19-1da1-4767-864f-41359c1f2f21','d11ddabc-a9f3-4709-85ee-a378674cec7c'),('57ac7169-15f7-43ea-8437-652cc7f8b247','d11ddabc-a9f3-4709-85ee-a378674cec7c'),('5a6aab47-e885-4f8c-80c1-d1a5a6f6e62a','d11ddabc-a9f3-4709-85ee-a378674cec7c'),('73e01d62-2261-46dd-9e13-c857eea16946','d11ddabc-a9f3-4709-85ee-a378674cec7c'),('8709204a-09b7-471a-9f3d-04d808aa3e85','d11ddabc-a9f3-4709-85ee-a378674cec7c'),('b0379bd5-3426-428b-bfa6-82aa34bf792c','d11ddabc-a9f3-4709-85ee-a378674cec7c'),('b088700d-e172-4787-9794-848a3f4bb696','d11ddabc-a9f3-4709-85ee-a378674cec7c'),('be9af683-3761-4510-81c6-61ca3f904d69','d11ddabc-a9f3-4709-85ee-a378674cec7c'),('bed85737-eff8-4065-8ddf-faa869a8587e','d11ddabc-a9f3-4709-85ee-a378674cec7c'),('cf3c06e8-46e7-4c1a-9346-3a9ef2196ea9','d11ddabc-a9f3-4709-85ee-a378674cec7c'),('cf6a8b8d-be70-4ffe-bf2e-1aec8470a3ba','d11ddabc-a9f3-4709-85ee-a378674cec7c'),('e3020242-0a44-4814-8915-268cc0d1639c','d11ddabc-a9f3-4709-85ee-a378674cec7c'),('ed53a56f-9988-410e-9cad-0a966cd58c16','d11ddabc-a9f3-4709-85ee-a378674cec7c'),('f3403a8f-b3c2-4808-b607-56ab9e059bde','d11ddabc-a9f3-4709-85ee-a378674cec7c'),('f727dcc9-a2ca-4a40-85d8-096a558c7827','d11ddabc-a9f3-4709-85ee-a378674cec7c'),('f87bbb69-77c6-4cfd-96ed-d52ce0f264fb','d11ddabc-a9f3-4709-85ee-a378674cec7c'),('00c91db3-bc30-4c01-a817-133817f9aa26','e096f497-2b09-4655-8562-55c7039869df'),('1','e096f497-2b09-4655-8562-55c7039869df'),('102','e096f497-2b09-4655-8562-55c7039869df'),('2','e096f497-2b09-4655-8562-55c7039869df'),('201','e096f497-2b09-4655-8562-55c7039869df'),('34f68bc8-a24b-499d-b625-1a7087630c31','e096f497-2b09-4655-8562-55c7039869df'),('3b2e556f-4a8d-4c34-91d4-c76f94123eb5','e096f497-2b09-4655-8562-55c7039869df'),('50d80b5a-6ea3-409c-8183-4f1b8b3386a8','e096f497-2b09-4655-8562-55c7039869df'),('5442098b-881c-42fd-a7e6-011b1a99c73a','e096f497-2b09-4655-8562-55c7039869df'),('6807ce85-9070-46bf-ab4d-048bdbe41265','e096f497-2b09-4655-8562-55c7039869df'),('7589f1c6-6d05-4089-9d29-1902fe53aca9','e096f497-2b09-4655-8562-55c7039869df'),('8ff9058a-7772-4c20-8be6-25343a115a05','e096f497-2b09-4655-8562-55c7039869df'),('90157779-4b90-4b08-848a-48638ed2d896','e096f497-2b09-4655-8562-55c7039869df'),('a0a1f6cd-d177-4d66-ae9a-a3b7b8621228','e096f497-2b09-4655-8562-55c7039869df'),('a4121504-3d05-427a-9fa4-341921379e97','e096f497-2b09-4655-8562-55c7039869df'),('a4cb944b-6156-4993-9d08-3209a7e1a8de','e096f497-2b09-4655-8562-55c7039869df'),('a86a1468-97b7-4ab4-8dc7-c6d05f6be3b5','e096f497-2b09-4655-8562-55c7039869df'),('abcca01d-d64f-4e2d-aa8b-ae561b122a78','e096f497-2b09-4655-8562-55c7039869df'),('aedbe420-532c-4f32-bc06-7b587d2ff389','e096f497-2b09-4655-8562-55c7039869df'),('bce22c34-78fa-4e0d-bfeb-3bcf576184a9','e096f497-2b09-4655-8562-55c7039869df'),('ce80cf87-1778-48eb-ad84-1dadfbe72b95','e096f497-2b09-4655-8562-55c7039869df'),('e4590bf3-e898-4e01-af96-5bfe4f8f1dca','e096f497-2b09-4655-8562-55c7039869df'),('00c91db3-bc30-4c01-a817-133817f9aa26','e10a00b1-8ae7-4dec-80b3-9ddbfe698608'),('1','e10a00b1-8ae7-4dec-80b3-9ddbfe698608'),('101','e10a00b1-8ae7-4dec-80b3-9ddbfe698608'),('102','e10a00b1-8ae7-4dec-80b3-9ddbfe698608'),('1905e31d-6485-4626-ae9e-8ab902741bf4','e10a00b1-8ae7-4dec-80b3-9ddbfe698608'),('2','e10a00b1-8ae7-4dec-80b3-9ddbfe698608'),('201','e10a00b1-8ae7-4dec-80b3-9ddbfe698608'),('34f68bc8-a24b-499d-b625-1a7087630c31','e10a00b1-8ae7-4dec-80b3-9ddbfe698608'),('39cb7f1b-b3d0-44fb-b8ec-0a634d979522','e10a00b1-8ae7-4dec-80b3-9ddbfe698608'),('3b2e556f-4a8d-4c34-91d4-c76f94123eb5','e10a00b1-8ae7-4dec-80b3-9ddbfe698608'),('45652d1e-a81d-4270-b67f-fa357c59afaf','e10a00b1-8ae7-4dec-80b3-9ddbfe698608'),('50d80b5a-6ea3-409c-8183-4f1b8b3386a8','e10a00b1-8ae7-4dec-80b3-9ddbfe698608'),('5442098b-881c-42fd-a7e6-011b1a99c73a','e10a00b1-8ae7-4dec-80b3-9ddbfe698608'),('6807ce85-9070-46bf-ab4d-048bdbe41265','e10a00b1-8ae7-4dec-80b3-9ddbfe698608'),('73e01d62-2261-46dd-9e13-c857eea16946','e10a00b1-8ae7-4dec-80b3-9ddbfe698608'),('7589f1c6-6d05-4089-9d29-1902fe53aca9','e10a00b1-8ae7-4dec-80b3-9ddbfe698608'),('8ff9058a-7772-4c20-8be6-25343a115a05','e10a00b1-8ae7-4dec-80b3-9ddbfe698608'),('90157779-4b90-4b08-848a-48638ed2d896','e10a00b1-8ae7-4dec-80b3-9ddbfe698608'),('a0a1f6cd-d177-4d66-ae9a-a3b7b8621228','e10a00b1-8ae7-4dec-80b3-9ddbfe698608'),('a4121504-3d05-427a-9fa4-341921379e97','e10a00b1-8ae7-4dec-80b3-9ddbfe698608'),('a4cb944b-6156-4993-9d08-3209a7e1a8de','e10a00b1-8ae7-4dec-80b3-9ddbfe698608'),('a86a1468-97b7-4ab4-8dc7-c6d05f6be3b5','e10a00b1-8ae7-4dec-80b3-9ddbfe698608'),('abcca01d-d64f-4e2d-aa8b-ae561b122a78','e10a00b1-8ae7-4dec-80b3-9ddbfe698608'),('aedbe420-532c-4f32-bc06-7b587d2ff389','e10a00b1-8ae7-4dec-80b3-9ddbfe698608'),('b0379bd5-3426-428b-bfa6-82aa34bf792c','e10a00b1-8ae7-4dec-80b3-9ddbfe698608'),('bce22c34-78fa-4e0d-bfeb-3bcf576184a9','e10a00b1-8ae7-4dec-80b3-9ddbfe698608'),('ce80cf87-1778-48eb-ad84-1dadfbe72b95','e10a00b1-8ae7-4dec-80b3-9ddbfe698608'),('f3403a8f-b3c2-4808-b607-56ab9e059bde','e10a00b1-8ae7-4dec-80b3-9ddbfe698608'),('f727dcc9-a2ca-4a40-85d8-096a558c7827','e10a00b1-8ae7-4dec-80b3-9ddbfe698608'),('00c91db3-bc30-4c01-a817-133817f9aa26','ee4ea97a-5640-46bc-b030-df633eafc931'),('1','ee4ea97a-5640-46bc-b030-df633eafc931'),('101','ee4ea97a-5640-46bc-b030-df633eafc931'),('102','ee4ea97a-5640-46bc-b030-df633eafc931'),('103','ee4ea97a-5640-46bc-b030-df633eafc931'),('104','ee4ea97a-5640-46bc-b030-df633eafc931'),('1905e31d-6485-4626-ae9e-8ab902741bf4','ee4ea97a-5640-46bc-b030-df633eafc931'),('34f68bc8-a24b-499d-b625-1a7087630c31','ee4ea97a-5640-46bc-b030-df633eafc931'),('39cb7f1b-b3d0-44fb-b8ec-0a634d979522','ee4ea97a-5640-46bc-b030-df633eafc931'),('3b2e556f-4a8d-4c34-91d4-c76f94123eb5','ee4ea97a-5640-46bc-b030-df633eafc931'),('45652d1e-a81d-4270-b67f-fa357c59afaf','ee4ea97a-5640-46bc-b030-df633eafc931'),('4f3e5c81-1d3b-4f43-b683-4a9d59c703af','ee4ea97a-5640-46bc-b030-df633eafc931'),('50d80b5a-6ea3-409c-8183-4f1b8b3386a8','ee4ea97a-5640-46bc-b030-df633eafc931'),('5375ad19-1da1-4767-864f-41359c1f2f21','ee4ea97a-5640-46bc-b030-df633eafc931'),('57ac7169-15f7-43ea-8437-652cc7f8b247','ee4ea97a-5640-46bc-b030-df633eafc931'),('73e01d62-2261-46dd-9e13-c857eea16946','ee4ea97a-5640-46bc-b030-df633eafc931'),('7589f1c6-6d05-4089-9d29-1902fe53aca9','ee4ea97a-5640-46bc-b030-df633eafc931'),('8ff9058a-7772-4c20-8be6-25343a115a05','ee4ea97a-5640-46bc-b030-df633eafc931'),('b0379bd5-3426-428b-bfa6-82aa34bf792c','ee4ea97a-5640-46bc-b030-df633eafc931'),('b088700d-e172-4787-9794-848a3f4bb696','ee4ea97a-5640-46bc-b030-df633eafc931'),('be9af683-3761-4510-81c6-61ca3f904d69','ee4ea97a-5640-46bc-b030-df633eafc931'),('bed85737-eff8-4065-8ddf-faa869a8587e','ee4ea97a-5640-46bc-b030-df633eafc931'),('ce80cf87-1778-48eb-ad84-1dadfbe72b95','ee4ea97a-5640-46bc-b030-df633eafc931'),('cf3c06e8-46e7-4c1a-9346-3a9ef2196ea9','ee4ea97a-5640-46bc-b030-df633eafc931'),('cf6a8b8d-be70-4ffe-bf2e-1aec8470a3ba','ee4ea97a-5640-46bc-b030-df633eafc931'),('e3020242-0a44-4814-8915-268cc0d1639c','ee4ea97a-5640-46bc-b030-df633eafc931'),('f3403a8f-b3c2-4808-b607-56ab9e059bde','ee4ea97a-5640-46bc-b030-df633eafc931'),('f727dcc9-a2ca-4a40-85d8-096a558c7827','ee4ea97a-5640-46bc-b030-df633eafc931'),('f87bbb69-77c6-4cfd-96ed-d52ce0f264fb','ee4ea97a-5640-46bc-b030-df633eafc931'),('11fdc39e-de9d-4065-8547-9c8ac83787e5','f37e2885-ac43-47ef-98c6-7ffea0ee2125'),('2','f37e2885-ac43-47ef-98c6-7ffea0ee2125'),('201','f37e2885-ac43-47ef-98c6-7ffea0ee2125'),('202','f37e2885-ac43-47ef-98c6-7ffea0ee2125'),('25404c37-303d-4a9d-addc-fca7845bf869','f37e2885-ac43-47ef-98c6-7ffea0ee2125'),('28215081-bcef-4b83-8095-76b86b23dc51','f37e2885-ac43-47ef-98c6-7ffea0ee2125'),('5a6aab47-e885-4f8c-80c1-d1a5a6f6e62a','f37e2885-ac43-47ef-98c6-7ffea0ee2125'),('6807ce85-9070-46bf-ab4d-048bdbe41265','f37e2885-ac43-47ef-98c6-7ffea0ee2125'),('8709204a-09b7-471a-9f3d-04d808aa3e85','f37e2885-ac43-47ef-98c6-7ffea0ee2125'),('90157779-4b90-4b08-848a-48638ed2d896','f37e2885-ac43-47ef-98c6-7ffea0ee2125'),('a0a1f6cd-d177-4d66-ae9a-a3b7b8621228','f37e2885-ac43-47ef-98c6-7ffea0ee2125'),('a4121504-3d05-427a-9fa4-341921379e97','f37e2885-ac43-47ef-98c6-7ffea0ee2125'),('a4cb944b-6156-4993-9d08-3209a7e1a8de','f37e2885-ac43-47ef-98c6-7ffea0ee2125'),('abcca01d-d64f-4e2d-aa8b-ae561b122a78','f37e2885-ac43-47ef-98c6-7ffea0ee2125'),('aedbe420-532c-4f32-bc06-7b587d2ff389','f37e2885-ac43-47ef-98c6-7ffea0ee2125'),('bce22c34-78fa-4e0d-bfeb-3bcf576184a9','f37e2885-ac43-47ef-98c6-7ffea0ee2125'),('ed53a56f-9988-410e-9cad-0a966cd58c16','f37e2885-ac43-47ef-98c6-7ffea0ee2125');

/*Table structure for table `syslog` */

CREATE TABLE `syslog` (
  `id` varchar(50) NOT NULL,
  `visitTime` timestamp NOT NULL DEFAULT CURRENT_TIMESTAMP ON UPDATE CURRENT_TIMESTAMP,
  `visitTimeStr` varchar(50) DEFAULT NULL,
  `username` varchar(50) DEFAULT NULL,
  `ip` varchar(30) DEFAULT NULL,
  `url` varchar(50) DEFAULT NULL,
  `executionTime` int(11) DEFAULT NULL,
  `method` varchar(200) DEFAULT NULL,
  PRIMARY KEY (`id`)
) ENGINE=InnoDB DEFAULT CHARSET=utf8;

/*Data for the table `syslog` */

insert  into `syslog`(`id`,`visitTime`,`visitTimeStr`,`username`,`ip`,`url`,`executionTime`,`method`) values ('0024c49b-68cb-4105-8017-aadfbcf396c4','2021-11-24 09:39:09','2021-11-24 09/39/09','admin','0:0:0:0:0:0:0:1','http://localhost:8080/data/orders',8,'toDetail'),('002de16d-bc5b-4001-ba03-20a33aed9133','2021-11-23 19:48:48','2021-11-23 19/48/48','admin','0:0:0:0:0:0:0:1','http://localhost:8080/system/user',6,'updateRole'),('006895a6-dff8-4281-9194-da14695f0f10','2021-11-23 10:26:54',NULL,'admin','0:0:0:0:0:0:0:1','http://localhost/user/login',8,'home'),('00717326-7894-44e8-89d3-a9b352e50aa3','2021-11-23 22:47:08','2021-11-23 22/47/08','admin','0:0:0:0:0:0:0:1','http://localhost:8080/system/role',12,'delete'),('010d8bb4-655e-4e4f-b0ab-482d2bce6104','2021-11-24 08:41:01','2021-11-24 08/41/01','admin','0:0:0:0:0:0:0:1','http://localhost:8080/system/role',16,'author'),('01d2e9d5-7eb1-4b91-b55b-5363d77b410d','2021-11-23 20:17:44','2021-11-23 20/17/44','admin','0:0:0:0:0:0:0:1','http://localhost:8080/data/orders',3,'toAdd'),('028f20fe-fe3d-462e-910a-d112ee1a3e16','2021-11-23 11:13:39',NULL,'ai','0:0:0:0:0:0:0:1','http://localhost/user/login',8,'home'),('02916add-6942-4c3d-9d05-6794e21a0c38','2021-11-23 16:47:51','2021-11-23 16/47/51','admin','0:0:0:0:0:0:0:1','http://localhost/user/login',2,'home'),('029d3ba2-a578-4366-b510-fa2408d36a6c','2021-11-23 20:36:00','2021-11-23 20/36/00','admin','0:0:0:0:0:0:0:1','http://localhost:8080/system/permission',14,'toEdit'),('02d592d8-58dd-4c0e-8f99-516e5f352737','2021-11-23 19:54:52','2021-11-23 19/54/52','admin','0:0:0:0:0:0:0:1','http://localhost:8080/system/role',7,'save'),('02d9c530-ea0d-414b-b329-11d968ea67ae','2021-11-23 13:19:46','2021-11-23 13/19/48','admin','0:0:0:0:0:0:0:1','http://localhost/system/role',4,'toAdd'),('033e2c4a-492a-4c06-a15a-b77c42c50d34','2021-11-23 21:10:28','2021-11-23 21/10/28','admin','0:0:0:0:0:0:0:1','http://localhost:8080/system/role',15,'author'),('0369f532-1002-476b-a361-6886df18ca3f','2021-11-23 11:18:12',NULL,'ai','0:0:0:0:0:0:0:1','http://localhost/user/login',1,'home'),('042d0d22-f691-4395-a512-5b77a7c7f4c1','2021-11-22 20:30:55',NULL,'admin','0:0:0:0:0:0:0:1','http://localhost/system/syslog',492,'downLoad'),('04bd1ba2-6ae2-4080-b3ee-fc4c5cdf46a8','2021-11-23 15:29:23','2021-11-23 15/29/24','admin','0:0:0:0:0:0:0:1','http://localhost/system/permission',625,'toAdd'),('04d7b2fc-224c-4451-8574-7ec34fb2c686','2021-11-23 10:37:46',NULL,'admin','0:0:0:0:0:0:0:1','http://localhost/user/login',9,'home'),('05433b35-3c60-45a9-9d93-b9d4c87af8bb','2021-11-23 21:46:19','2021-11-23 21/46/19','admin','0:0:0:0:0:0:0:1','http://localhost:8080/system/role',11,'author'),('05dc9357-6e18-476b-beda-8967e3c20787','2021-11-23 11:43:34','2021-11-23 11/43/36','admin','0:0:0:0:0:0:0:1','http://localhost/user/login',14,'home'),('05e7403f-4a34-43c6-b724-5fbc1cb4779e','2021-11-23 21:06:57','2021-11-23 21/06/57','admin','0:0:0:0:0:0:0:1','http://localhost:8080/system/role',17,'author'),('05ef1c67-ffac-4237-a219-1c9dcf39bc52','2021-11-23 13:23:41','2021-11-23 13/23/41','admin','0:0:0:0:0:0:0:1','http://localhost/system/permission',48,'save'),('064f2de4-992b-4bd0-91ae-4474a1926f16','2021-11-23 22:41:48','2021-11-23 22/41/48','admin','0:0:0:0:0:0:0:1','http://localhost:8080/system/role',9,'edit'),('065a1c5e-bddf-4dee-988e-24559d77b915','2021-11-23 16:59:21','2021-11-23 16/59/21','admin','0:0:0:0:0:0:0:1','http://localhost/user/login',0,'home'),('071c02da-ffa3-4493-9da9-63abd2f3e099','2021-11-23 21:46:07','2021-11-23 21/46/07','admin','0:0:0:0:0:0:0:1','http://localhost:8080/system/role',63,'updateRolePermission'),('07330e82-a14d-4bf5-b41f-d0e2e953f05f','2021-11-23 09:50:54',NULL,'admin','0:0:0:0:0:0:0:1','http://localhost/system/user',5,'home'),('077d20b7-71fe-46ed-8b7c-08eb0395c2a0','2021-11-23 13:28:35','2021-11-23 13/28/36','admin','0:0:0:0:0:0:0:1','http://localhost/system/permission',47,'toAdd'),('07eb35dc-7473-4c28-9c64-48b3ef6fe450','2021-11-23 12:29:06','2021-11-23 12/29/11','admin','0:0:0:0:0:0:0:1','http://localhost/user/login',1,'home'),('07f82310-ff73-4184-87ca-ab2a55c91516','2021-11-23 20:35:41','2021-11-23 20/35/41','admin','0:0:0:0:0:0:0:1','http://localhost:8080/system/permission',6,'update'),('081c7973-c979-4909-b6d8-c42bb18f7fe8','2021-11-24 08:40:00','2021-11-24 08/40/00','admin','0:0:0:0:0:0:0:1','http://localhost:8080/system/user',6,'updateStatus'),('08883732-0d1e-4e33-ba76-bfc24b8e9d33','2021-11-23 16:43:13','2021-11-23 16/43/13','admin','0:0:0:0:0:0:0:1','http://localhost/system/role',4,'toAdd'),('08ec99eb-be39-4435-9c7c-a80219215fd1','2021-11-23 12:36:44','2021-11-23 12/36/44','admin','0:0:0:0:0:0:0:1','http://localhost/system/permission',49,'toAdd'),('0977f43c-9f22-4fea-9294-7a33f33f815f','2021-11-24 09:17:29','2021-11-24 09/17/29','admin','0:0:0:0:0:0:0:1','http://localhost:8080/system/user',42,'save'),('0a0024d4-8b13-442d-b800-a0c9121e20cf','2021-11-23 22:48:16','2021-11-23 22/48/16','admin','0:0:0:0:0:0:0:1','http://localhost:8080/system/role',7,'updateStatus'),('0a720905-0098-4765-8c12-f2a12a86cc0a','2021-11-23 16:30:57','2021-11-23 16/30/58','admin','0:0:0:0:0:0:0:1','http://localhost/system/permission',24,'toEdit'),('0aa0ce4f-de80-4a84-b81e-d99854ee21a7','2021-11-23 20:34:58','2021-11-23 20/34/58','admin','0:0:0:0:0:0:0:1','http://localhost:8080/data/product',6,'toEdit'),('0ad78630-ff07-463a-825d-aa91fc32b4cc','2021-11-22 22:13:34',NULL,'admin','0:0:0:0:0:0:0:1','http://localhost/system/role',31,'updateRolePermission'),('0b23e962-556b-4c53-8756-cbad74c27dfd','2021-11-23 12:55:05','2021-11-23 12/55/05','admin','0:0:0:0:0:0:0:1','http://localhost/data/orders',5,'toDetail'),('0b8acd0a-ab14-457d-b26f-73ccf41758cf','2021-11-23 12:40:17','2021-11-23 12/40/18','admin','0:0:0:0:0:0:0:1','http://localhost/system/permission',5,'save'),('0c2824f1-48e2-46fc-a088-9a40fb5922d2','2021-11-23 11:51:05','2021-11-23 11/51/05','admin','0:0:0:0:0:0:0:1','http://localhost/system/permission',16,'toEdit'),('0cc67778-5eb5-4707-8483-7b9b6da5aa27','2021-11-23 13:44:55','2021-11-23 13/45/00','admin','0:0:0:0:0:0:0:1','http://localhost/system/permission',50,'toAdd'),('0cd9bc2c-7007-4c11-80f3-f0829ecc3e10','2021-11-22 22:29:42',NULL,'admin','0:0:0:0:0:0:0:1','http://localhost/system/user',9,'updateRole'),('0d5ae293-296f-430a-a64c-9dc36622a332','2021-11-23 14:53:30','2021-11-23 14/53/30','admin','0:0:0:0:0:0:0:1','http://localhost/user/login',10,'home'),('0e273011-88eb-4b63-b9af-55ed5f38d52e','2021-11-23 16:55:17','2021-11-23 16/55/17','admin','0:0:0:0:0:0:0:1','http://localhost/user/login',7,'home'),('0e8160e9-6666-4212-bc24-87f2ecc7ac71','2021-11-23 22:45:09','2021-11-23 22/44/18','admin','0:0:0:0:0:0:0:1','http://localhost:8080/system/role',50980,'updateRolePermission'),('0e8c722a-e018-4eab-9e86-3d08b21f97bc','2021-11-24 11:31:11','2021-11-24 11/31/11','admin','0:0:0:0:0:0:0:1','http://localhost:8080/system/user',5,'addRoleToUser'),('0f8dea6f-f5db-48e1-8e6e-e39ceeb5e064','2021-11-23 13:49:30','2021-11-23 13/49/30','admin','0:0:0:0:0:0:0:1','http://localhost/system/role',10,'author'),('0fdac7d4-1c5f-4906-9071-c3865abc7be9','2021-11-23 20:14:48','2021-11-23 20/14/48','admin','0:0:0:0:0:0:0:1','http://localhost:8080/data/product',4,'save'),('0ff9ff25-22e2-4324-be6b-4627adc19617','2021-11-23 21:12:25','2021-11-23 21/12/25','admin','0:0:0:0:0:0:0:1','http://localhost:8080/system/role',63,'updateRolePermission'),('1008b3c8-81b9-4592-9edf-d5d496b8b047','2021-11-23 12:38:36','2021-11-23 12/38/36','admin','0:0:0:0:0:0:0:1','http://localhost/system/permission',5,'save'),('100df363-b25f-48af-ae72-6bab06e1fef4','2021-11-23 12:03:23','2021-11-23 12/03/23','admin','0:0:0:0:0:0:0:1','http://localhost/system/permission',14,'toAdd'),('103d0ca9-2308-44b0-a44b-e5caf8757693','2021-11-23 13:56:06','2021-11-23 13/56/06','admin','0:0:0:0:0:0:0:1','http://localhost/system/role',5,'toEdit'),('10cc2df3-1aef-45f5-bfd4-785056015f82','2021-11-24 11:31:16','2021-11-24 11/31/16','admin','0:0:0:0:0:0:0:1','http://localhost:8080/system/role',20,'author'),('113aaa17-a5bf-4a77-b0bf-754df4790fc3','2021-11-22 22:36:54',NULL,'admin','0:0:0:0:0:0:0:1','http://localhost/user/login',5,'updatePwd'),('11605d0f-3b5e-4f68-8180-7dccaf4e209d','2021-11-24 11:36:01','2021-11-24 11/36/01','admin','0:0:0:0:0:0:0:1','http://localhost:8080/data/product',4,'edit'),('118f9bb1-5cf9-4bb5-9e71-a81558c9e884','2021-11-23 21:52:48','2021-11-23 21/52/48','admin','0:0:0:0:0:0:0:1','http://localhost:8080/system/role',14,'delete'),('11924a38-dd59-4b97-9ad3-f9026b7dbf3a','2021-11-23 13:44:51','2021-11-23 13/44/55','admin','0:0:0:0:0:0:0:1','http://localhost/system/permission',37,'toAdd'),('11a4df53-81e0-46dc-9b42-73a4ccb09786','2021-11-23 12:01:27','2021-11-23 12/01/27','admin','0:0:0:0:0:0:0:1','http://localhost/system/permission',4,'update'),('11ac73aa-9fe4-48a8-98d5-27da9c0f12cc','2021-11-23 10:20:03',NULL,'admin','0:0:0:0:0:0:0:1','http://localhost/user/login',2,'home'),('11da0d08-104d-410a-bd8a-6eef524067c7','2021-11-01 17:03:41',NULL,'admin','0:0:0:0:0:0:0:1','http://localhost/data/product',9,'toEdit'),('11e47613-029b-426c-aaa2-10b014831203','2021-11-24 11:08:32','2021-11-24 11/08/32','admin','0:0:0:0:0:0:0:1','http://localhost:8080/system/role',10,'updateStatus'),('12149b79-491f-49f9-8ebf-c25a264d2cfa','2021-11-24 09:02:06','2021-11-24 09/02/06','ai','0:0:0:0:0:0:0:1','http://localhost:8080/system/user',15,'updateRole'),('123712d1-e33d-4667-b7b5-1acc1d1cc1e8','2021-11-22 22:29:41',NULL,'admin','0:0:0:0:0:0:0:1','http://localhost/system/user',5,'addRoleToUser'),('124eac61-ac0c-4b2a-bb27-141bbd639a5e','2021-11-23 08:36:02',NULL,'admin','0:0:0:0:0:0:0:1','http://localhost/system/role',21,'updateRolePermission'),('1365867d-4d8b-4336-ad9e-a116ae487645','2021-11-23 09:17:34',NULL,'admin','0:0:0:0:0:0:0:1','http://localhost/system/user',1308,'updateRole'),('139e6cfb-8d2b-4b86-a089-afbb8e0bb1c7','2021-11-23 11:40:02','2021-11-23 11/40/03','admin','0:0:0:0:0:0:0:1','http://localhost/user/login',2,'home'),('1425e0c5-dc49-420f-ab13-3a4cd690ec78','2021-11-22 22:28:56',NULL,'admin','0:0:0:0:0:0:0:1','http://localhost/system/role',9,'author'),('14588bb5-2aa5-49c2-8790-38f8fd878e90','2021-11-23 10:23:12',NULL,'admin','0:0:0:0:0:0:0:1','http://localhost/user/login',8,'home'),('1494e940-a896-4403-96c0-2bfd4a7fd59a','2021-11-23 20:15:09','2021-11-23 20/15/09','admin','0:0:0:0:0:0:0:1','http://localhost:8080/data/product',3,'delete'),('14c2fc24-256e-48bf-b9be-a382988c44b5','2021-11-23 22:46:07','2021-11-23 22/46/06','admin','0:0:0:0:0:0:0:1','http://localhost:8080/system/role',150,'author'),('154270c1-2209-415e-bd47-4615f1ae3055','2021-11-23 13:14:52','2021-11-23 13/14/52','admin','0:0:0:0:0:0:0:1','http://localhost/user/login',8,'home'),('1595e0f1-2c39-4917-8647-85ed40261170','2021-11-23 11:51:28','2021-11-23 11/51/28','admin','0:0:0:0:0:0:0:1','http://localhost/system/permission',42,'update'),('1797736d-bfbd-420f-86a6-2e8c38571d24','2021-11-23 19:57:41','2021-11-23 19/57/41','admin','0:0:0:0:0:0:0:1','http://localhost:8080/system/role',0,'toAdd'),('17b5d9fa-42b1-4ebe-9b30-990c4e2d2303','2021-11-23 10:12:27',NULL,'admin','0:0:0:0:0:0:0:1','http://localhost/user/login',1,'home'),('17f41663-78c9-44f0-8152-5597de6bcbf5','2021-11-23 14:22:39','2021-11-23 14/22/40','admin','0:0:0:0:0:0:0:1','http://localhost/user/login',10,'home'),('18354431-950b-4406-a368-40b95f83c12f','2021-11-23 21:32:17','2021-11-23 21/32/17','admin','0:0:0:0:0:0:0:1','http://localhost:8080/system/permission',51,'save'),('186357a8-0736-410a-b134-ad21af99b97a','2021-11-23 12:24:42','2021-11-23 12/24/42','admin','0:0:0:0:0:0:0:1','http://localhost/user/login',8,'home'),('186a2f2d-db85-4d64-8be5-7e038cdb7985','2021-11-24 11:28:04','2021-11-24 11/28/04','admin','0:0:0:0:0:0:0:1','http://localhost:8080/data/orders',5,'deleteByIds'),('18e6e280-3c3a-421d-b723-b928de901f43','2021-11-22 22:26:17',NULL,'admin','0:0:0:0:0:0:0:1','http://localhost/system/user',47,'save'),('1916cdf3-a23f-4ab1-8e54-4d97c2d1de61','2021-11-23 11:53:33','2021-11-23 11/53/33','admin','0:0:0:0:0:0:0:1','http://localhost/system/permission',12,'toEdit'),('1929fce3-1892-484f-a46e-b4949c12b6aa','2021-11-23 13:06:53','2021-11-23 13/06/52','admin','0:0:0:0:0:0:0:1','http://localhost/user/login',9,'home'),('1a02eea4-0901-405b-a9a5-4c4d1b9d2d4a','2021-11-23 12:25:38','2021-11-23 12/25/43','admin','0:0:0:0:0:0:0:1','http://localhost/system/user',208,'updateRole'),('1a31bf89-e3b3-4000-b570-d638884392a3','2021-11-23 21:11:22','2021-11-23 21/11/22','admin','0:0:0:0:0:0:0:1','http://localhost:8080/system/role',11,'author'),('1bb8ab42-7e19-4bf4-8391-8a42dedf0aea','2021-11-23 13:27:32','2021-11-23 13/27/34','admin','0:0:0:0:0:0:0:1','http://localhost/system/permission',3,'save'),('1c2284ab-611a-4841-9a01-9eddb8eb74d2','2021-11-23 12:29:34','2021-11-23 12/29/34','admin','0:0:0:0:0:0:0:1','http://localhost/data/product',11,'toAdd'),('1c8833ea-6225-4aac-800d-dbece72863bc','2021-11-23 22:49:48','2021-11-23 22/49/48','admin','0:0:0:0:0:0:0:1','http://localhost:8080/system/role',27,'updateRolePermission'),('1c9550df-e1b6-4ea4-940c-b6eb16fc64ed','2021-11-24 08:40:50','2021-11-24 08/40/50','admin','0:0:0:0:0:0:0:1','http://localhost:8080/system/user',5,'detail'),('1c96fc2d-9fe4-451b-98f4-bd08caca4738','2021-11-23 08:35:19',NULL,'admin','0:0:0:0:0:0:0:1','http://localhost/system/role',10,'author'),('1cb74cac-83d4-467d-887f-0fa10020b9e1','2021-11-23 15:03:20','2021-11-23 15/03/20','admin','0:0:0:0:0:0:0:1','http://localhost/user/login',8,'home'),('1d2035f0-91bf-4102-84ca-250ffb8b1c63','2021-11-23 08:34:08',NULL,'admin','0:0:0:0:0:0:0:1','http://localhost/system/role',351,'author'),('1d22aebe-e14f-4b25-907e-c5ff7e22164f','2021-11-23 17:08:37','2021-11-23 17/08/40','admin','0:0:0:0:0:0:0:1','http://localhost/user/login',10,'home'),('1d70d665-e88d-4725-96cb-618aa336438e','2021-11-23 12:58:25','2021-11-23 12/58/29','admin','0:0:0:0:0:0:0:1','http://localhost/data/orders',25,'close'),('1dca98a4-c4ea-4439-88b9-75fa5519b363','2021-11-23 13:45:39','2021-11-23 13/45/40','admin','0:0:0:0:0:0:0:1','http://localhost/system/permission',54,'toAdd'),('1dfd0045-eb05-455e-a283-01282b080c2f','2021-11-23 21:06:37','2021-11-23 21/06/37','admin','0:0:0:0:0:0:0:1','http://localhost:8080/system/permission',20,'toEdit'),('1e0c183a-c1c8-4e83-9f07-128d02cf82c4','2021-11-23 16:48:32','2021-11-23 16/48/36','admin','0:0:0:0:0:0:0:1','http://localhost/user/login',8,'home'),('1e3647bc-6ba9-4a7f-9536-c1e4039dbceb','2021-11-23 14:17:46','2021-11-23 14/17/46','admin','0:0:0:0:0:0:0:1','http://localhost/data/orders',14,'toAdd'),('1e6c3308-a65d-4349-81f1-32fc801ed0d9','2021-11-23 14:20:08','2021-11-23 14/20/08','admin','0:0:0:0:0:0:0:1','http://localhost/data/product',14,'toAdd'),('1e77bf95-b93b-4188-8488-d39824aeb982','2021-11-23 14:00:18','2021-11-23 14/00/21','admin','0:0:0:0:0:0:0:1','http://localhost/system/role',4,'toEdit'),('1e8fb77a-e766-4aef-a615-908ddef41a13','2021-11-23 12:27:29','2021-11-23 12/27/30','admin','0:0:0:0:0:0:0:1','http://localhost/user/login',7,'home'),('1eb0e592-505a-46ba-a059-0419a1e10866','2021-11-23 11:52:11','2021-11-23 11/52/11','admin','0:0:0:0:0:0:0:1','http://localhost/system/permission',15,'toEdit'),('1f11a9f6-024c-4f4f-ab28-a0673cb99ba1','2021-11-02 17:06:25',NULL,'admin','0:0:0:0:0:0:0:1','http://localhost/data/product',6,'delete'),('1f4dca10-3d6d-4718-bafa-b157449229d2','2021-11-23 20:34:40','2021-11-23 20/34/40','admin','0:0:0:0:0:0:0:1','http://localhost:8080/data/product',10,'toEdit'),('1f4ff67b-6df2-4bc0-8f00-a0a01bc34887','2021-11-23 11:40:26','2021-11-23 11/40/30','admin','0:0:0:0:0:0:0:1','http://localhost/user/login',1,'home'),('1f7c43da-56d8-41be-821b-70565fd53d18','2021-11-23 12:15:53','2021-11-23 12/15/53','admin','0:0:0:0:0:0:0:1','http://localhost/data/product',6,'toEdit'),('2076b6b5-e23e-4da5-98ad-5a28fb18f940','2021-11-23 08:34:34',NULL,'admin','0:0:0:0:0:0:0:1','http://localhost/system/role',186,'toAdd'),('20ae3641-fb97-465d-a932-4139ffcbe03a','2021-11-23 10:25:37',NULL,'admin','0:0:0:0:0:0:0:1','http://localhost/user/login',1,'home'),('20ecfa73-a115-4e16-b993-2b2cce794817','2021-11-24 10:59:37','2021-11-24 10/59/37','admin','0:0:0:0:0:0:0:1','http://localhost:8080/user/login',2,'updatePwd'),('21d318f7-f7ca-43a6-b474-bd04e12b0457','2021-11-23 12:05:55','2021-11-23 12/05/55','admin','0:0:0:0:0:0:0:1','http://localhost/system/permission',16,'toAdd'),('21e335aa-6660-47e8-8b03-8919c3b8b7e2','2021-11-23 15:55:46','2021-11-23 15/55/50','admin','0:0:0:0:0:0:0:1','http://localhost/user/login',1,'home'),('224b4b45-e3d5-4397-8e14-ff233d0f2e8c','2021-11-22 22:27:00',NULL,'admin','0:0:0:0:0:0:0:1','http://localhost/system/user',8,'detail'),('234be037-18ed-494b-9758-b27a044c30a1','2021-11-23 12:41:40','2021-11-23 12/41/47','admin','0:0:0:0:0:0:0:1','http://localhost/system/permission',6,'save'),('23a3cfed-e495-4d0f-898f-ac5bfca78e99','2021-11-23 15:57:02','2021-11-23 15/57/07','admin','0:0:0:0:0:0:0:1','http://localhost/user/login',1,'home'),('23ea033a-0134-468e-a31d-11c032398b44','2021-11-23 12:55:35','2021-11-23 12/55/36','admin','0:0:0:0:0:0:0:1','http://localhost/data/orders',8,'toDetail'),('24fc7f7e-68aa-4f5f-9bcb-d9e1486e3b44','2021-11-23 11:59:14','2021-11-23 11/59/14','admin','0:0:0:0:0:0:0:1','http://localhost/user/login',1,'home'),('252770a8-cc76-4dfe-84d6-799c76eb45e5','2021-11-23 14:17:29','2021-11-23 14/17/29','admin','0:0:0:0:0:0:0:1','http://localhost/data/product',8,'edit'),('25718868-f663-4d40-a4ce-fc4ad0a7c31d','2021-11-23 13:44:49','2021-11-23 13/44/53','admin','0:0:0:0:0:0:0:1','http://localhost/system/permission',46,'save'),('25b0b16f-b0dd-4ea5-b4d3-cda21ba9f7c1','2021-11-23 22:43:31','2021-11-23 22/43/31','admin','0:0:0:0:0:0:0:1','http://localhost:8080/system/role',8,'updateStatus'),('26007165-5b3a-43e3-94be-0b1740dbe0c3','2021-11-23 15:40:05','2021-11-23 15/40/11','admin','0:0:0:0:0:0:0:1','http://localhost/user/login',9,'home'),('26305604-018f-486e-89b5-eb670cba5331','2021-11-24 11:05:14','2021-11-24 11/05/14','admin','0:0:0:0:0:0:0:1','http://localhost:8080/system/user',12,'updateRole'),('269837f2-a8a3-482b-bd0b-b076b23a91cd','2021-11-23 19:50:21','2021-11-23 19/50/21','admin','0:0:0:0:0:0:0:1','http://localhost:8080/system/role',12,'author'),('2857fb94-4677-42bc-89e9-c67ae0dab262','2021-11-23 13:27:49','2021-11-23 13/27/53','admin','0:0:0:0:0:0:0:1','http://localhost/system/permission',28,'toAdd'),('28c4fa28-5c23-4799-b9c2-2d55ad7f1291','2021-11-24 11:27:39','2021-11-24 11/27/39','admin','0:0:0:0:0:0:0:1','http://localhost:8080/data/orders',4,'save'),('29372aba-c742-47e8-9091-181a3c95257c','2021-11-23 22:48:15','2021-11-23 22/48/15','admin','0:0:0:0:0:0:0:1','http://localhost:8080/system/role',8,'updateStatus'),('2a781ed5-3f21-48a5-ada8-b46545e00b3b','2021-11-23 17:56:47','2021-11-23 17/56/50','admin','0:0:0:0:0:0:0:1','http://localhost/system/permission',14,'toAdd'),('2c1167a2-f59e-4bf8-a8c4-0af0f21086f2','2021-11-23 17:05:12','2021-11-23 17/05/15','admin','0:0:0:0:0:0:0:1','http://localhost/user/login',1,'home'),('2c2b5d3d-a822-43a9-a88f-5f14d597096d','2021-11-23 11:14:46',NULL,'ai','0:0:0:0:0:0:0:1','http://localhost/user/login',10,'home'),('2c3c35c9-7623-4821-915f-45cc7bfeb6f3','2021-11-24 10:18:23','2021-11-24 10/18/23','ai','0:0:0:0:0:0:0:1','http://localhost:8080/system/role',8,'updateStatus'),('2c863675-460d-42b5-8f60-1fc4229ac3b4','2021-11-24 11:28:28','2021-11-24 11/28/27','admin','0:0:0:0:0:0:0:1','http://localhost:8080/data/orders',5,'open'),('2ccb72b0-a9f6-4e4a-8ad5-b8307d4749ad','2021-11-23 21:37:30','2021-11-23 21/37/30','admin','0:0:0:0:0:0:0:1','http://localhost:8080/system/role',10,'updateStatus'),('2d248d99-263e-423c-92c7-b708c1afebfb','2021-11-23 16:51:29','2021-11-23 16/51/30','admin','0:0:0:0:0:0:0:1','http://localhost/user/login',13,'home'),('2d3d0078-cd39-4c6f-9bd0-346fc35703c2','2021-11-23 15:18:20','2021-11-23 15/18/22','admin','0:0:0:0:0:0:0:1','http://localhost/user/login',9,'home'),('2d709a12-d6d5-4ac1-b85f-5811738364e3','2021-11-23 12:02:15','2021-11-23 12/02/15','admin','0:0:0:0:0:0:0:1','http://localhost/system/permission',15,'toAdd'),('2dd7d78f-2e9b-4b09-b868-369a11da725b','2021-11-23 22:45:15','2021-11-23 22/45/15','admin','0:0:0:0:0:0:0:1','http://localhost:8080/system/role',8,'updateStatus'),('2ded04b4-4b7f-44de-9da5-d92e85448475','2021-11-23 22:46:30','2021-11-23 22/46/30','admin','0:0:0:0:0:0:0:1','http://localhost:8080/system/role',13,'author'),('2f09313f-565b-4211-b434-135d6fa06c0f','2021-11-23 08:36:36',NULL,'admin','0:0:0:0:0:0:0:1','http://localhost/system/role',22,'delete'),('2fa8e980-f86f-419e-b9a5-ec50dbf15048','2021-11-22 22:29:22',NULL,'admin','0:0:0:0:0:0:0:1','http://localhost/system/user',10,'updateRole'),('2fed7149-3eab-43f6-b5df-2fe22655408b','2021-11-23 13:52:29','2021-11-23 13/52/29','admin','0:0:0:0:0:0:0:1','http://localhost/system/permission',4,'searchData'),('30580647-f2d7-4b39-bc0e-795445a60232','2021-11-23 19:38:23','2021-11-23 19/38/23','admin','0:0:0:0:0:0:0:1','http://localhost:8080/data/orders',4,'close'),('307cebab-b593-4b7b-a7f8-59a66c7cf2cd','2021-11-23 14:17:56','2021-11-23 14/17/56','admin','0:0:0:0:0:0:0:1','http://localhost/data/orders',33,'save'),('30a3a9b2-c38f-4b10-a8c3-3bf9052fceaa','2021-11-23 13:46:11','2021-11-23 13/46/11','admin','0:0:0:0:0:0:0:1','http://localhost/system/permission',59,'toAdd'),('31432a37-3f86-4335-a47e-9754878db7fa','2021-11-23 11:59:26','2021-11-23 11/59/27','admin','0:0:0:0:0:0:0:1','http://localhost/system/permission',9,'toEdit'),('31563fdc-8290-4fd3-bf23-86476aa26cae','2021-11-23 12:25:29','2021-11-23 12/25/33','admin','0:0:0:0:0:0:0:1','http://localhost/user/login',9,'home'),('319a0952-02b8-4335-8c46-a4430adec8ef','2021-11-23 13:52:19','2021-11-23 13/52/19','admin','0:0:0:0:0:0:0:1','http://localhost/system/permission',6,'searchData'),('31ecc1ce-7831-4758-874e-6e8cdf9d6a88','2021-11-24 11:31:29','2021-11-24 11/31/29','admin','0:0:0:0:0:0:0:1','http://localhost:8080/system/role',21,'updateRolePermission'),('320b1867-f55d-41be-9a9a-d6b415301518','2021-11-22 22:36:17',NULL,'admin','0:0:0:0:0:0:0:1','http://localhost/system/role',162,'author'),('322bb677-1e9b-49f0-b5e6-16d6c3162790','2021-11-01 16:57:27',NULL,'admin','0:0:0:0:0:0:0:1','http://localhost/data/product',24,'toAdd'),('3257728d-0054-45b5-8100-bbc44d709c0a','2021-11-23 20:34:49','2021-11-23 20/34/49','admin','0:0:0:0:0:0:0:1','http://localhost:8080/data/product',7,'edit'),('33eed7ef-9648-4b8e-88b2-0f97fabe8dd6','2021-11-23 16:57:06','2021-11-23 16/57/06','admin','0:0:0:0:0:0:0:1','http://localhost/user/login',1,'home'),('340f58c4-3132-45b3-894c-cbafb175d63d','2021-11-23 21:34:32','2021-11-23 21/34/32','admin','0:0:0:0:0:0:0:1','http://localhost:8080/system/role',8,'updateStatus'),('343b8f84-65a9-4d95-a0e3-bf94f70e996d','2021-11-22 17:03:15',NULL,'admin','0:0:0:0:0:0:0:1','http://localhost/data/product',110,'toEdit'),('345bb621-06b2-4177-bb0d-8d902482e931','2021-11-23 12:26:03','2021-11-23 12/26/03','admin','0:0:0:0:0:0:0:1','http://localhost/system/role',175,'author'),('3496cdd2-4514-49a8-9b43-8005fc9c08a8','2021-11-23 13:23:42','2021-11-23 13/23/42','admin','0:0:0:0:0:0:0:1','http://localhost/system/permission',31,'toAdd'),('351b71e5-9b2b-49f2-8f85-f5a1fb0ca8ff','2021-11-24 08:44:17','2021-11-24 08/44/17','admin','0:0:0:0:0:0:0:1','http://localhost:8080/data/orders',4,'open'),('3524d51e-f7d9-4616-a75d-a64acbf1ffe2','2021-11-23 12:54:59','2021-11-23 12/54/59','admin','0:0:0:0:0:0:0:1','http://localhost/data/orders',5,'save'),('35650233-950b-40cd-a530-66a8faf9e374','2021-11-22 22:29:45',NULL,'admin','0:0:0:0:0:0:0:1','http://localhost/system/user',7,'updateRole'),('358c6303-c1bf-4316-8c41-05a6ac0ca258','2021-11-23 11:52:54','2021-11-23 11/52/54','admin','0:0:0:0:0:0:0:1','http://localhost/system/permission',13,'toEdit'),('35a57c49-68a5-420b-b414-dc9c4884cdc1','2021-11-23 19:38:05','2021-11-23 19/38/05','admin','0:0:0:0:0:0:0:1','http://localhost:8080/data/orders',27,'toDetail'),('35d2d56e-592e-43c1-bce7-d30796a28b15','2021-11-24 10:16:18','2021-11-24 10/16/18','admin','0:0:0:0:0:0:0:1','http://localhost:8080/system/role',141,'author'),('35d44e5c-2485-41c6-b024-5cceb08218ab','2021-11-23 20:35:49','2021-11-23 20/35/49','admin','0:0:0:0:0:0:0:1','http://localhost:8080/system/role',12,'author'),('36402722-dc76-40f8-908d-bbe71e9e175f','2021-11-23 11:58:05','2021-11-23 11/58/06','admin','0:0:0:0:0:0:0:1','http://localhost/system/permission',8,'toEdit'),('36914a70-6fd0-4664-8db6-c8fe1e1d41c3','2021-11-23 16:30:51','2021-11-23 16/30/51','admin','0:0:0:0:0:0:0:1','http://localhost/system/permission',17,'toEdit'),('36cebe97-2ccb-4f3f-9eba-9a9570d8cf90','2021-11-23 11:44:34','2021-11-23 11/44/34','admin','0:0:0:0:0:0:0:1','http://localhost/user/login',8,'home'),('36e82567-0964-49fa-ad6e-66c3a3eafa8f','2021-11-23 12:03:05','2021-11-23 12/03/05','admin','0:0:0:0:0:0:0:1','http://localhost/system/permission',15,'toAdd'),('370f53bb-7059-4cd2-bcf0-2369ba9018b9','2021-11-23 21:59:01','2021-11-23 21/59/01','admin','0:0:0:0:0:0:0:1','http://localhost:8080/system/user',8,'updateRole'),('371563e5-b9fd-4fd9-9ee4-85f0d25b5194','2021-11-23 19:56:15','2021-11-23 19/56/15','admin','0:0:0:0:0:0:0:1','http://localhost:8080/system/role',9,'edit'),('373e8c53-9a9d-435d-9ad4-8d3440635a4a','2021-11-23 16:40:02','2021-11-23 16/40/02','admin','0:0:0:0:0:0:0:1','http://localhost/user/login',2,'home'),('374e677f-3f43-4c65-a3da-61a00f8d2e28','2021-11-24 08:40:57','2021-11-24 08/40/57','admin','0:0:0:0:0:0:0:1','http://localhost:8080/system/role',161,'author'),('377c7843-b023-4aaa-8470-cf1bc3317e0c','2021-11-23 15:44:20','2021-11-23 15/44/22','admin','0:0:0:0:0:0:0:1','http://localhost/user/login',1,'home'),('37a9aba7-f666-4965-85d2-e77a8f7d8ac0','2021-11-23 16:57:56','2021-11-23 16/57/56','admin','0:0:0:0:0:0:0:1','http://localhost/system/role',52,'save'),('37ba1e32-5a85-4026-bca7-00b53b9883e1','2021-11-23 11:38:57','2021-11-23 11/38/59','admin','0:0:0:0:0:0:0:1','http://localhost/user/login',1,'home'),('3883b836-354e-4331-8b86-0391de3e9afa','2021-11-23 22:49:42','2021-11-23 22/49/42','admin','0:0:0:0:0:0:0:1','http://localhost:8080/system/role',36,'updateRolePermission'),('38f3f400-7762-4b31-a80b-145096cd716e','2021-11-22 18:41:21',NULL,'admin','0:0:0:0:0:0:0:1','http://localhost/data/product',4,'delete'),('39d09426-541e-4cfd-ae3d-9762f527bece','2021-11-23 12:00:44','2021-11-23 12/00/46','admin','0:0:0:0:0:0:0:1','http://localhost/system/permission',4,'update'),('3a5093e6-71fd-484a-b3af-c1518beb63f3','2021-11-22 17:18:33',NULL,'admin','0:0:0:0:0:0:0:1','http://localhost/data/product',4,'toAdd'),('3ad58a6d-6be1-42d5-b7d9-a0455431d6f6','2021-11-22 22:27:55',NULL,'admin','0:0:0:0:0:0:0:1','http://localhost/system/role',144,'author'),('3b0dbce9-048e-4c90-9c7e-3b6e12a196d1','2021-11-23 20:17:55','2021-11-23 20/17/55','admin','0:0:0:0:0:0:0:1','http://localhost:8080/data/orders',3,'toAdd'),('3be29bb3-7171-4210-af00-f42ef5ba2b63','2021-11-23 11:47:20','2021-11-23 11/47/20','admin','0:0:0:0:0:0:0:1','http://localhost/user/login',9,'home'),('3c213c78-7206-4ad7-8e4d-cb2412ce0d5c','2021-11-23 20:16:07','2021-11-23 20/16/07','admin','0:0:0:0:0:0:0:1','http://localhost:8080/data/product',3,'save'),('3c23ddfc-4bbb-421c-8eed-efdbf0dde967','2021-11-23 10:26:08',NULL,'admin','0:0:0:0:0:0:0:1','http://localhost/user/login',2,'home'),('3c5867b6-746e-45d8-b1e2-eb745cb5c454','2021-11-23 21:12:10','2021-11-23 21/12/10','admin','0:0:0:0:0:0:0:1','http://localhost:8080/system/role',23,'author'),('3c614333-f8d7-4e17-95df-6772bc0b84fd','2021-11-23 13:30:31','2021-11-23 13/30/31','admin','0:0:0:0:0:0:0:1','http://localhost/user/login',9,'home'),('3d798236-0dbe-4eea-b8d5-d25add5dee79','2021-11-23 15:57:05','2021-11-23 15/57/10','admin','0:0:0:0:0:0:0:1','http://localhost/user/login',0,'home'),('3e51f101-6283-4f46-80da-68c8c4969fe6','2021-11-23 15:46:41','2021-11-23 15/46/44','admin','0:0:0:0:0:0:0:1','http://localhost/user/login',9,'home'),('3eb39891-9333-4069-8431-0c5fbe6ebab9','2021-11-23 22:44:41','2021-11-23 22/44/41','admin','0:0:0:0:0:0:0:1','http://localhost:8080/system/role',13,'updateRolePermission'),('3eb9a4a3-8d45-46af-89d9-0cf7a7f9ab29','2021-11-23 16:42:22','2021-11-23 16/42/24','admin','0:0:0:0:0:0:0:1','http://localhost/system/user',1,'toAdd'),('3f5c4028-4c89-48d4-bce9-181dd6d6d1a6','2021-11-23 15:55:38','2021-11-23 15/55/42','admin','0:0:0:0:0:0:0:1','http://localhost/user/login',1,'home'),('400beff5-d7ed-4417-b596-4ca0d8c46865','2021-11-23 20:35:51','2021-11-23 20/35/51','admin','0:0:0:0:0:0:0:1','http://localhost:8080/system/role',19,'author'),('4033eafc-902f-4b71-bf0f-8e800809e746','2021-11-24 10:18:08','2021-11-24 10/18/08','ai','0:0:0:0:0:0:0:1','http://localhost:8080/system/role',8,'updateStatus'),('40656e50-6dfb-49dd-9818-dad656425984','2021-11-23 17:56:06','2021-11-23 17/56/06','admin','0:0:0:0:0:0:0:1','http://localhost/system/permission',46,'save'),('406630b7-babe-487e-9425-37ea368abc76','2021-11-23 11:53:40','2021-11-23 11/53/41','admin','0:0:0:0:0:0:0:1','http://localhost/system/permission',5,'update'),('40cbe932-566c-48e8-a9cf-de07de9f59e7','2021-11-23 21:34:12','2021-11-23 21/34/12','admin','0:0:0:0:0:0:0:1','http://localhost:8080/system/role',144,'author'),('40d43e4a-633f-458b-8c94-2450731dd19d','2021-11-23 13:48:07','2021-11-23 13/48/10','admin','0:0:0:0:0:0:0:1','http://localhost/system/permission',39,'toAdd'),('411dffc9-4d76-4dd0-8729-a41955095abd','2021-11-24 10:18:00','2021-11-24 10/18/00','ai','0:0:0:0:0:0:0:1','http://localhost:8080/system/role',8,'updateStatus'),('41418f65-8b56-4470-85cb-da5c3af06910','2021-11-23 20:20:19','2021-11-23 20/20/19','admin','0:0:0:0:0:0:0:1','http://localhost:8080/data/product',3,'toAdd'),('41434de2-558a-4e5e-8de8-5178aed5077d','2021-11-23 12:34:05','2021-11-23 12/34/05','admin','0:0:0:0:0:0:0:1','http://localhost/user/login',2,'home'),('414565a4-75e8-4f10-b660-001a838fbc5d','2021-11-23 13:08:37','2021-11-23 13/08/38','admin','0:0:0:0:0:0:0:1','http://localhost/user/login',8,'home'),('4148d285-3f8a-4cc8-aa3f-0d87a5f5a45d','2021-11-23 22:46:19','2021-11-23 22/46/19','admin','0:0:0:0:0:0:0:1','http://localhost:8080/system/role',11,'updateStatus'),('417292bc-610d-483e-9dd7-ba93f01d80dd','2021-11-23 12:02:13','2021-11-23 12/02/13','admin','0:0:0:0:0:0:0:1','http://localhost/system/permission',5,'save'),('419103ed-5764-4431-9ca5-1be503ca3ad5','2021-11-23 13:36:45','2021-11-23 13/36/45','admin','0:0:0:0:0:0:0:1','http://localhost/user/login',9,'home'),('421e0261-ad7e-4245-be4d-e0af48ea9152','2021-11-23 13:37:31','2021-11-23 13/37/31','admin','0:0:0:0:0:0:0:1','http://localhost/system/role',143,'author'),('43138c52-23e1-4460-aa0a-1c0b3a57cf30','2021-11-24 10:17:06','2021-11-24 10/17/06','ai','0:0:0:0:0:0:0:1','http://localhost:8080/system/user',4,'addRoleToUser'),('435e1d93-8d0d-4a1f-8bf5-049edbd6d782','2021-11-24 08:40:44','2021-11-24 08/40/44','admin','0:0:0:0:0:0:0:1','http://localhost:8080/system/user',8,'updateRole'),('43679b1f-996a-4d91-8c1b-3f4236290d50','2021-11-23 16:57:52','2021-11-23 16/57/52','admin','0:0:0:0:0:0:0:1','http://localhost/system/role',5,'toAdd'),('436afb8e-a4d4-4766-8240-cbde7b32168b','2021-11-23 12:27:34','2021-11-23 12/27/36','admin','0:0:0:0:0:0:0:1','http://localhost/system/role',10,'author'),('43f083f2-4aee-4759-a291-7500998a9a69','2021-11-23 21:45:10','2021-11-23 21/45/09','admin','0:0:0:0:0:0:0:1','http://localhost:8080/system/role',48,'save'),('440e8a11-047e-41cf-8102-75c251f23f55','2021-11-23 20:34:21','2021-11-23 20/34/21','admin','0:0:0:0:0:0:0:1','http://localhost:8080/data/product',46,'save'),('44957a88-b5ee-4e37-8d5a-32ba0059eb5f','2021-11-23 19:53:39','2021-11-23 19/53/39','admin','0:0:0:0:0:0:0:1','http://localhost:8080/system/permission',12,'toEdit'),('4550ab57-72e3-4b4c-8c1a-ec49077983b2','2021-11-23 14:20:04','2021-11-23 14/20/04','admin','0:0:0:0:0:0:0:1','http://localhost/user/login',13,'home'),('457004c9-dcc0-46a3-84a5-aaec64844820','2021-11-23 15:18:24','2021-11-23 15/18/26','admin','0:0:0:0:0:0:0:1','http://localhost/system/permission',21,'toAdd'),('45c0eca9-b999-409d-a2f7-6c342c263e28','2021-11-23 12:29:03','2021-11-23 12/29/07','admin','0:0:0:0:0:0:0:1','http://localhost/user/login',9,'home'),('4656fced-8eb5-408e-9259-b2b9a2c79991','2021-11-22 18:25:21',NULL,'admin','0:0:0:0:0:0:0:1','http://localhost/data/product',18,'toEdit'),('466ed09f-4e65-49ba-8347-ae5ccfec1706','2021-11-23 15:42:02','2021-11-23 15/42/05','admin','0:0:0:0:0:0:0:1','http://localhost/user/login',2,'home'),('46cfe0f0-38bf-407b-aca9-445fb2a93585','2021-11-23 21:37:26','2021-11-23 21/37/26','admin','0:0:0:0:0:0:0:1','http://localhost:8080/system/role',12,'updateStatus'),('46e1c5db-8089-4d9c-b64b-eea35d9d5fa1','2021-11-23 17:53:19','2021-11-23 17/53/22','admin','0:0:0:0:0:0:0:1','http://localhost/system/role',139,'author'),('4703f092-86f3-49eb-9797-22fae8c2e7b5','2021-11-23 10:47:04',NULL,'admin','0:0:0:0:0:0:0:1','http://localhost/user/login',1,'home'),('4703f4e9-4135-43a4-9b4d-a238e8b62eca','2021-11-23 11:47:25','2021-11-23 11/47/25','admin','0:0:0:0:0:0:0:1','http://localhost/system/permission',25,'toEdit'),('472117d9-f284-4303-8d2c-b06ccbe48466','2021-11-23 12:39:22','2021-11-23 12/39/22','admin','0:0:0:0:0:0:0:1','http://localhost/system/permission',22,'toAdd'),('47edbc9d-3323-4df7-bccb-a32c79b8c06e','2021-11-22 18:42:21',NULL,'admin','0:0:0:0:0:0:0:1','http://localhost/data/product',11,'delete'),('47eeca9f-b1db-460b-bc23-baa2cb7302d2','2021-11-23 14:30:35','2021-11-23 14/30/36','admin','0:0:0:0:0:0:0:1','http://localhost/user/login',8,'home'),('47f9c82f-5be5-412b-bce2-198b33a72448','2021-11-23 17:57:03','2021-11-23 17/57/07','admin','0:0:0:0:0:0:0:1','http://localhost/system/permission',15,'toEdit'),('4808bc45-2327-408c-b026-e5ebcb2f4102','2021-11-23 10:32:57',NULL,'admin','0:0:0:0:0:0:0:1','http://localhost/user/login',2,'home'),('4859fc1a-30b3-4557-8af5-5387824ed5cc','2021-11-23 19:57:32','2021-11-23 19/57/32','admin','0:0:0:0:0:0:0:1','http://localhost:8080/system/role',7,'save'),('49027055-6241-4db9-98e4-7b5edfbe7f89','2021-11-23 08:35:17',NULL,'admin','0:0:0:0:0:0:0:1','http://localhost/system/role',101,'save'),('498890f8-8e49-4c7c-a893-2f0c65a2142e','2021-11-23 21:34:36','2021-11-23 21/34/36','admin','0:0:0:0:0:0:0:1','http://localhost:8080/system/role',17,'updateStatus'),('498da387-42bc-4b20-ba0d-c92d79090f65','2021-11-23 22:43:42','2021-11-23 22/43/42','admin','0:0:0:0:0:0:0:1','http://localhost:8080/system/role',21,'updateRolePermission'),('4990fb70-02ed-43c8-9140-15296b87b132','2021-11-22 22:29:25',NULL,'admin','0:0:0:0:0:0:0:1','http://localhost/system/user',7,'updateRole'),('49d0af31-70a0-4485-9767-cf534f6bd8cd','2021-11-23 12:27:32','2021-11-23 12/27/34','admin','0:0:0:0:0:0:0:1','http://localhost/system/role',135,'author'),('4a6cfa92-7a31-45fd-9f13-b7eb3d60f107','2021-11-23 21:41:38','2021-11-23 21/41/38','admin','0:0:0:0:0:0:0:1','http://localhost:8080/system/permission',43,'save'),('4aac423d-6fb9-432a-bf87-d6367c2db19e','2021-11-23 19:34:24','2021-11-23 19/34/24','admin','0:0:0:0:0:0:0:1','http://localhost:8080/data/product',3,'toAdd'),('4b0f32a7-ae74-41f7-8133-fd218dd9bd78','2021-11-24 11:30:17','2021-11-24 11/30/17','admin','0:0:0:0:0:0:0:1','http://localhost:8080/system/role',16,'author'),('4c95f837-ea1a-4d95-bd77-91e6a93f4bc3','2021-11-23 22:45:39','2021-11-23 22/45/39','admin','0:0:0:0:0:0:0:1','http://localhost:8080/system/role',10,'author'),('4d1cbaa5-b7e2-4533-94ef-d82744f1cb6c','2021-11-24 11:23:24','2021-11-24 11/23/24','admin','0:0:0:0:0:0:0:1','http://localhost:8080/data/product',4,'save'),('4d30769b-87ab-4006-aa9a-0e7d40735e8b','2021-11-23 21:58:46','2021-11-23 21/58/45','admin','0:0:0:0:0:0:0:1','http://localhost:8080/system/user',590,'updateRole'),('4d38304f-17d1-4346-b2bf-eb4c9acef8e3','2021-11-23 15:22:35','2021-11-23 15/22/36','admin','0:0:0:0:0:0:0:1','http://localhost/system/permission',18,'toAdd'),('4d458737-c90d-4e6d-8258-11b623ab7627','2021-11-24 11:07:52','2021-11-24 11/07/52','admin','0:0:0:0:0:0:0:1','http://localhost:8080/system/role',11,'save'),('4de007b7-ecbf-4afa-8af3-6f5433a1d9cc','2021-11-23 12:52:22','2021-11-23 12/52/22','admin','0:0:0:0:0:0:0:1','http://localhost/user/login',3,'home'),('4df00fcf-85bb-439c-85ff-d9b643adfc6a','2021-11-23 12:25:36','2021-11-23 12/25/40','admin','0:0:0:0:0:0:0:1','http://localhost/system/user',408,'toAdd'),('4e1afa73-5dc0-49cf-a39c-6773e08b071d','2021-11-24 11:20:23','2021-11-24 11/20/22','admin','0:0:0:0:0:0:0:1','http://localhost:8080/system/syslog',1173,'downLoad'),('4e6fd2c5-3cd3-4757-9620-7d38ff6972d4','2021-11-22 18:26:57',NULL,'admin','0:0:0:0:0:0:0:1','http://localhost/data/product',12,'toAdd'),('4eaff065-7140-4241-8c80-a042342b853c','2021-11-23 12:40:52','2021-11-23 12/40/53','admin','0:0:0:0:0:0:0:1','http://localhost/system/permission',25,'toAdd'),('4f75cd4b-74b3-4aa8-91f4-2afaf8bbc6ad','2021-11-23 13:45:37','2021-11-23 13/45/38','admin','0:0:0:0:0:0:0:1','http://localhost/system/permission',5,'save'),('4f88a3dc-72d9-4715-a966-bd8d3fdf16e8','2021-11-22 20:26:18',NULL,'admin','0:0:0:0:0:0:0:1','http://localhost/system/syslog',1759,'downLoad'),('505ba0cf-2602-4344-ac81-1f593f0ec538','2021-11-22 22:29:09',NULL,'admin','0:0:0:0:0:0:0:1','http://localhost/system/user',9,'updateRole'),('506d1ecb-fc47-4879-833d-630a093ef510','2021-11-23 17:14:07','2021-11-23 17/14/07','admin','0:0:0:0:0:0:0:1','http://localhost/user/login',11,'home'),('508cf7b3-e89c-41b9-91af-6582526f9d65','2021-11-22 21:44:37',NULL,'admin','0:0:0:0:0:0:0:1','http://localhost/system/role',55,'author'),('50b746c4-dac2-4754-8489-c758bc19916a','2021-11-23 22:49:26','2021-11-23 22/49/26','admin','0:0:0:0:0:0:0:1','http://localhost:8080/system/role',7,'updateStatus'),('50d7e0d5-7102-4374-b11f-e770c50281df','2021-11-24 08:40:12','2021-11-24 08/40/12','admin','0:0:0:0:0:0:0:1','http://localhost:8080/system/user',123,'updateRole'),('50eea820-328a-44bb-8357-8aaa7676e627','2021-11-23 20:14:29','2021-11-23 20/14/29','admin','0:0:0:0:0:0:0:1','http://localhost:8080/data/product',2,'toAdd'),('516a0efb-3ca7-4aaa-a06b-010e443d42db','2021-11-22 17:18:45',NULL,'admin','0:0:0:0:0:0:0:1','http://localhost/data/orders',14,'toDetail'),('525266ad-2ec7-4a4d-8b55-a75a1d10f20c','2021-11-23 19:57:17','2021-11-23 19/57/17','admin','0:0:0:0:0:0:0:1','http://localhost:8080/system/role',6,'save'),('52696725-2074-40da-aeea-ae70d44a25f3','2021-11-23 20:15:25','2021-11-23 20/15/25','admin','0:0:0:0:0:0:0:1','http://localhost:8080/data/product',2,'toAdd'),('529cded3-b084-4067-9743-ab9ff844e22f','2021-11-22 22:29:00',NULL,'admin','0:0:0:0:0:0:0:1','http://localhost/system/role',31,'updateRolePermission'),('52ae2dbb-9df5-4474-96f3-205f3b95f046','2021-11-23 11:55:25','2021-11-23 11/55/31','admin','0:0:0:0:0:0:0:1','http://localhost/system/permission',5,'update'),('52d6f1e4-ec60-4436-8045-f54b537606c0','2021-11-22 18:36:49',NULL,'admin','0:0:0:0:0:0:0:1','http://localhost/data/orders',638,'toDetail'),('5330118f-1de4-409a-926a-451443b81d6f','2021-11-23 10:46:35',NULL,'admin','0:0:0:0:0:0:0:1','http://localhost/user/login',8,'home'),('5346fef4-ecdb-4316-9591-5be5bbea7355','2021-11-23 21:07:39','2021-11-23 21/07/39','admin','0:0:0:0:0:0:0:1','http://localhost:8080/system/role',166,'author'),('5373baf7-0718-4c4b-bfe8-e926389c45a9','2021-11-23 22:46:12','2021-11-23 22/46/12','admin','0:0:0:0:0:0:0:1','http://localhost:8080/system/role',16,'author'),('53a71732-b3b3-40ae-9036-53cadde14c6e','2021-11-23 15:27:24','2021-11-23 15/27/27','admin','0:0:0:0:0:0:0:1','http://localhost/system/permission',45,'toAdd'),('53ddc8d9-8e8a-4508-8343-db5076169e08','2021-11-23 21:13:22','2021-11-23 21/13/22','admin','0:0:0:0:0:0:0:1','http://localhost:8080/system/permission',6,'save'),('53f48079-39c0-4164-8abf-f1854aa67a60','2021-11-23 11:35:01','2021-11-23 11/35/01','admin','0:0:0:0:0:0:0:1','http://localhost/user/login',2,'home'),('542fea98-19e9-4453-9c5f-95619f82a721','2021-11-23 12:58:30','2021-11-23 12/58/34','admin','0:0:0:0:0:0:0:1','http://localhost/data/orders',5,'open'),('54ed7ba6-4f03-46a1-b76e-7743571b409c','2021-11-23 21:12:29','2021-11-23 21/12/29','admin','0:0:0:0:0:0:0:1','http://localhost:8080/system/role',11,'author'),('5578c8c7-538a-4a9d-a772-6b8137e2a74a','2021-11-23 17:47:02','2021-11-23 17/47/02','admin','0:0:0:0:0:0:0:1','http://localhost/user/login',2,'home'),('5664812b-2adf-483c-a170-b71eacb29d0f','2021-11-22 17:03:30',NULL,'admin','0:0:0:0:0:0:0:1','http://localhost/data/product',8,'toEdit'),('56d0c0c2-3f67-4eb8-8ca3-9686b9209ead','2021-11-23 22:46:29','2021-11-23 22/46/29','admin','0:0:0:0:0:0:0:1','http://localhost:8080/system/role',9,'updateStatus'),('57ea6695-ea4d-4f7a-b2ea-ebfb34416034','2021-11-23 12:16:15','2021-11-23 12/16/16','admin','0:0:0:0:0:0:0:1','http://localhost/data/product',51,'toEdit'),('583e2e95-9259-43e5-bc3e-1a3b1f3aca5d','2021-11-23 22:41:17','2021-11-23 22/41/17','admin','0:0:0:0:0:0:0:1','http://localhost:8080/system/role',11,'edit'),('5a05f1ac-b693-4653-bf24-af7010b49949','2021-11-23 22:48:08','2021-11-23 22/48/08','admin','0:0:0:0:0:0:0:1','http://localhost:8080/system/role',20,'delete'),('5ad5b9de-5039-4621-b684-336c732bbe14','2021-11-24 09:21:58','2021-11-24 09/21/58','admin','0:0:0:0:0:0:0:1','http://localhost:8080/system/user',11,'detail'),('5afb3b39-cc28-4a8b-9947-a45efbed90c5','2021-11-23 14:42:42','2021-11-23 14/42/42','admin','0:0:0:0:0:0:0:1','http://localhost/user/login',9,'home'),('5b9cbf2d-0169-450e-a95d-0dd281ebbc39','2021-11-23 19:36:32','2021-11-23 19/36/32','admin','0:0:0:0:0:0:0:1','http://localhost:8080/system/permission',3,'update'),('5bbc22dc-1a2f-4632-9694-61e304f49aa6','2021-11-24 08:40:25','2021-11-24 08/40/25','admin','0:0:0:0:0:0:0:1','http://localhost:8080/system/user',7,'updateRole'),('5c26fe92-ce05-4ef5-b38b-5a9954a3f94f','2021-11-24 11:04:43','2021-11-24 11/04/43','admin','0:0:0:0:0:0:0:1','http://localhost:8080/system/user',13,'detail'),('5c9c044e-f1dd-4c72-9b8b-868dc89982f3','2021-11-23 13:47:23','2021-11-23 13/47/23','admin','0:0:0:0:0:0:0:1','http://localhost/system/permission',60,'toAdd'),('5cb246a7-6778-43fa-9b4c-5923ed726aae','2021-11-22 18:24:49',NULL,'admin','0:0:0:0:0:0:0:1','http://localhost/data/orders',61,'toDetail'),('5cc53c38-9ed2-4ccb-8975-aead8c5c98a6','2021-11-23 20:36:03','2021-11-23 20/36/03','admin','0:0:0:0:0:0:0:1','http://localhost:8080/system/permission',4,'update'),('5d493969-5bc2-43a0-878b-f833632a97a8','2021-11-23 12:54:20','2021-11-23 12/54/20','admin','0:0:0:0:0:0:0:1','http://localhost/data/orders',6,'toAdd'),('5d57e0a9-b8f6-48a1-9d0f-d3734b944cbd','2021-11-22 21:44:52',NULL,'admin','0:0:0:0:0:0:0:1','http://localhost/system/role',12,'author'),('5deca2ce-ab82-4c70-a32b-ab58e74c825b','2021-11-23 22:45:19','2021-11-23 22/45/19','admin','0:0:0:0:0:0:0:1','http://localhost:8080/system/role',7,'updateStatus'),('5fda2ea4-9d11-4f28-a315-2beb9716211d','2021-11-23 14:45:08','2021-11-23 14/45/08','admin','0:0:0:0:0:0:0:1','http://localhost/user/login',9,'home'),('5fea762b-9ae7-4e0f-b3d4-b1efbdfe5e55','2021-11-23 17:46:00','2021-11-23 17/46/00','admin','0:0:0:0:0:0:0:1','http://localhost/user/login',6,'updatePwd'),('6093efee-6054-4dbf-aa8f-2b1202f05ec5','2021-11-22 22:26:24',NULL,'admin','0:0:0:0:0:0:0:1','http://localhost/system/user',7,'updateStatus'),('60cb8059-717d-48d4-aff8-b1c366a237dd','2021-11-23 19:56:17','2021-11-23 19/56/17','admin','0:0:0:0:0:0:0:1','http://localhost:8080/system/role',3,'toEdit'),('61b124bb-3262-4368-96c4-8ba03f5f7719','2021-11-23 20:14:24','2021-11-23 20/14/24','admin','0:0:0:0:0:0:0:1','http://localhost:8080/data/product',3,'save'),('61b74ab5-58af-4e66-af37-a868b2a0b5c1','2021-11-23 12:06:37','2021-11-23 12/06/37','admin','0:0:0:0:0:0:0:1','http://localhost/data/product',13,'toEdit'),('61d0ecec-b56a-4e8b-95e4-33295599da42','2021-11-23 19:57:38','2021-11-23 19/57/38','admin','0:0:0:0:0:0:0:1','http://localhost:8080/system/role',7,'save'),('6209dad7-e7d1-4b58-8e43-c9b02dc32da2','2021-11-23 09:54:06',NULL,'admin','0:0:0:0:0:0:0:1','http://localhost/system/user',4,'home'),('6216c38c-2987-4089-9df8-fdce2bbbfd29','2021-11-23 19:56:08','2021-11-23 19/56/08','admin','0:0:0:0:0:0:0:1','http://localhost:8080/system/role',4,'toEdit'),('62474acf-1f5d-4a53-bb0f-832f4478cd46','2021-11-24 08:39:49','2021-11-24 08/39/48','admin','0:0:0:0:0:0:0:1','http://localhost:8080/system/user',1269,'save'),('624f040c-ba32-491e-998c-f8db721affe3','2021-11-23 12:54:36','2021-11-23 12/54/36','admin','0:0:0:0:0:0:0:1','http://localhost/data/orders',6,'save'),('626cc57d-24ae-4242-8091-0d07127e2c07','2021-11-23 19:59:46','2021-11-23 19/59/46','admin','0:0:0:0:0:0:0:1','http://localhost:8080/system/role',12,'author'),('62cac7f2-7828-4dc3-81a2-a769d4262afb','2021-11-23 15:29:20','2021-11-23 15/29/20','admin','0:0:0:0:0:0:0:1','http://localhost/user/login',2,'home'),('62ee6a99-b329-4103-a97c-cbf4c66d4e5d','2021-11-23 20:35:27','2021-11-23 20/35/27','admin','0:0:0:0:0:0:0:1','http://localhost:8080/system/role',141,'author'),('62fbe6f4-ea00-4715-8aa1-5bb8839b409b','2021-11-24 10:18:30','2021-11-24 10/18/30','ai','0:0:0:0:0:0:0:1','http://localhost:8080/system/role',201,'updateRolePermission'),('6383ec78-2f24-4fa7-ae4f-98c0a29efcd1','2021-11-23 15:29:15','2021-11-23 15/29/15','admin','0:0:0:0:0:0:0:1','http://localhost/user/login',9,'home'),('63a7116c-86df-41e2-8e6f-2bc378997df5','2021-11-24 08:40:49','2021-11-24 08/40/49','admin','0:0:0:0:0:0:0:1','http://localhost:8080/system/user',11,'addRoleToUser'),('64322918-d595-4b0c-862c-96b180910cb6','2021-11-23 15:34:39','2021-11-23 15/34/39','admin','0:0:0:0:0:0:0:1','http://localhost/user/login',6,'home'),('645a9166-f433-48ed-9659-e11da94f845b','2021-11-23 19:40:53','2021-11-23 19/40/53','admin','0:0:0:0:0:0:0:1','http://localhost:8080/system/user',20,'updateRole'),('64735852-118f-42d8-8a4b-609d169a0c34','2021-11-24 11:34:52','2021-11-24 11/34/52','admin','0:0:0:0:0:0:0:1','http://localhost:8080/data/product',5,'edit'),('648bf5b6-ce11-48ac-91a0-215b249dccd6','2021-11-23 16:34:10','2021-11-23 16/34/10','admin','0:0:0:0:0:0:0:1','http://localhost/user/login',10,'home'),('64d5b6f0-7141-42f4-877a-e928cfe464fc','2021-11-23 12:02:59','2021-11-23 12/03/02','admin','0:0:0:0:0:0:0:1','http://localhost/system/permission',4,'save'),('65a5d0f7-115d-41ba-bf3e-8742a80a9458','2021-11-23 15:04:54','2021-11-23 15/04/54','admin','0:0:0:0:0:0:0:1','http://localhost/user/login',2,'home'),('65c67980-370d-49a4-8100-23a3acd2a5f3','2021-11-23 19:57:34','2021-11-23 19/57/34','admin','0:0:0:0:0:0:0:1','http://localhost:8080/system/role',1,'toAdd'),('65f5b1f0-037e-415f-8ad8-2e507297f4ae','2021-11-23 12:54:49','2021-11-23 12/54/49','admin','0:0:0:0:0:0:0:1','http://localhost/data/orders',5,'toAdd'),('6645593e-4c6f-4836-b90d-ffb3e1becda1','2021-11-23 21:46:03','2021-11-23 21/46/03','admin','0:0:0:0:0:0:0:1','http://localhost:8080/system/role',19,'author'),('66662408-b243-411c-8729-9102d7cf4f9e','2021-11-23 11:47:34','2021-11-23 11/47/34','admin','0:0:0:0:0:0:0:1','http://localhost/system/permission',17,'toEdit'),('667864d9-5346-4016-a8bd-b801ec573554','2021-11-23 16:41:35','2021-11-23 16/41/35','admin','0:0:0:0:0:0:0:1','http://localhost/system/user',4,'toAdd'),('66dbe91c-3061-4c31-9c9f-eb206e7c1b19','2021-11-23 20:06:37','2021-11-23 20/06/37','admin','0:0:0:0:0:0:0:1','http://localhost:8080/system/permission',6,'openSelected'),('67467cf1-5d7d-46c1-9902-43cf9e2949d4','2021-11-23 12:18:06','2021-11-23 12/18/06','admin','0:0:0:0:0:0:0:1','http://localhost/user/login',8,'home'),('67bff9c6-d6bc-4572-a74b-cd0d9cd63d39','2021-11-23 15:19:25','2021-11-23 15/19/27','admin','0:0:0:0:0:0:0:1','http://localhost/user/login',8,'home'),('68aec460-f6f1-473a-84d4-d4799ff5ea59','2021-11-23 19:57:28','2021-11-23 19/57/28','admin','0:0:0:0:0:0:0:1','http://localhost:8080/system/role',1,'toAdd'),('68ba5396-a2c3-49b9-addb-25675d3068d8','2021-11-24 10:16:31','2021-11-24 10/16/31','admin','0:0:0:0:0:0:0:1','http://localhost:8080/system/role',58,'updateRolePermission'),('68d94a74-0dd8-47ad-ab7b-15318bd73480','2021-11-24 09:20:45','2021-11-24 09/20/45','admin','0:0:0:0:0:0:0:1','http://localhost:8080/system/user',43,'save'),('69502cda-2bfd-4ee5-8597-e19d73093c3d','2021-11-23 13:30:02','2021-11-23 13/30/05','admin','0:0:0:0:0:0:0:1','http://localhost/system/permission',29,'toAdd'),('69512243-ba17-4293-9c71-35c35900164e','2021-11-23 15:04:04','2021-11-23 15/04/04','admin','0:0:0:0:0:0:0:1','http://localhost/user/login',8,'home'),('696cdcd4-ce0f-4ffd-be73-f479207d6b54','2021-11-23 19:35:59','2021-11-23 19/35/59','admin','0:0:0:0:0:0:0:1','http://localhost:8080/system/permission',16,'toEdit'),('698eeb4d-6555-4e3e-b4a3-2a524d843ecb','2021-11-23 19:56:40','2021-11-23 19/56/40','admin','0:0:0:0:0:0:0:1','http://localhost:8080/system/role',10,'author'),('69a5c64e-cd8d-4a3b-9dd7-6517372c33c3','2021-11-23 12:26:12','2021-11-23 12/26/12','admin','0:0:0:0:0:0:0:1','http://localhost/system/role',10,'author'),('69db0c58-c76e-4ba2-9bac-49284bed543d','2021-11-23 22:45:42','2021-11-23 22/45/42','admin','0:0:0:0:0:0:0:1','http://localhost:8080/system/role',9,'author'),('69ea66dd-7f0b-4af5-bc09-c1f8f2966a98','2021-11-23 12:26:30','2021-11-23 12/26/32','admin','0:0:0:0:0:0:0:1','http://localhost/system/permission',110,'toAdd'),('69f3842f-c95c-4ba7-b0ec-c3bb81724a28','2021-11-23 14:18:11','2021-11-23 14/18/12','admin','0:0:0:0:0:0:0:1','http://localhost/data/orders',5,'toAdd'),('6a5958e5-9e72-43b4-9ea7-beb7888b53d1','2021-11-23 21:45:39','2021-11-23 21/45/39','admin','0:0:0:0:0:0:0:1','http://localhost:8080/system/role',20,'updateRolePermission'),('6aa8a87b-ce3b-43f9-9fe8-9d535eaac684','2021-11-23 16:33:22','2021-11-23 16/33/23','admin','0:0:0:0:0:0:0:1','http://localhost/user/login',3,'home'),('6b11a87f-92ef-4233-8896-1466e60f9d3f','2021-11-23 22:42:38','2021-11-23 22/42/38','admin','0:0:0:0:0:0:0:1','http://localhost:8080/system/role',38,'updateRolePermission'),('6c116137-c46c-499f-a709-ffaa72c2551c','2021-11-23 22:42:06','2021-11-23 22/42/06','admin','0:0:0:0:0:0:0:1','http://localhost:8080/system/role',22,'author'),('6c558f5d-1832-4f49-8619-02df0b4ba030','2021-11-23 16:06:08','2021-11-23 16/06/08','admin','0:0:0:0:0:0:0:1','http://localhost/user/login',7,'home'),('6c5670aa-b527-49af-839c-695f966299f4','2021-11-23 11:39:33','2021-11-23 11/39/38','admin','0:0:0:0:0:0:0:1','http://localhost/user/login',7,'home'),('6cb9f419-ccc8-4c55-91bb-5ab59b041b12','2021-11-23 16:05:31','2021-11-23 16/05/33','admin','0:0:0:0:0:0:0:1','http://localhost/user/login',10,'home'),('6ce84529-e5fe-44b1-b22f-2268b5905ecb','2021-11-23 10:14:32',NULL,'ai','0:0:0:0:0:0:0:1','http://localhost/user/login',2,'home'),('6d8b9ab6-e72b-4087-a1b4-97885006e2e5','2021-11-23 17:51:27','2021-11-23 17/51/33','admin','0:0:0:0:0:0:0:1','http://localhost/user/login',11,'home'),('6d8d7e52-ba35-4414-aeef-7cfae8f5963e','2021-11-22 17:19:03',NULL,'admin','0:0:0:0:0:0:0:1','http://localhost/data/orders',24,'findByName'),('6dc5df99-6b69-4ed8-bc76-b32b99bd3995','2021-11-23 21:13:32','2021-11-23 21/13/32','admin','0:0:0:0:0:0:0:1','http://localhost:8080/system/role',20,'author'),('6de46fb7-fbe0-4973-91dd-24719c9ced30','2021-11-23 12:25:40','2021-11-23 12/25/46','admin','0:0:0:0:0:0:0:1','http://localhost/system/user',83,'detail'),('6e38dfc3-ec9c-4ac5-8ed1-5bd1888b376f','2021-11-23 14:16:52','2021-11-23 14/16/52','admin','0:0:0:0:0:0:0:1','http://localhost/data/product',10,'toAdd'),('6e679f54-dba8-4937-a607-5666bbb3409f','2021-11-24 08:28:06','2021-11-24 08/28/06','admin','0:0:0:0:0:0:0:1','http://localhost:8080/user/login',5,'updatePwd'),('6e7aefb5-0fac-48c7-a65d-c332a13ddbdb','2021-11-23 22:46:25','2021-11-23 22/46/25','admin','0:0:0:0:0:0:0:1','http://localhost:8080/system/role',13,'author'),('6eabdef9-011d-4e3c-9d2a-d1bc1afeec3d','2021-11-23 10:14:39',NULL,'admin','0:0:0:0:0:0:0:1','http://localhost/user/login',1,'home'),('6eb98282-7fd4-4244-b49e-07cb97e0ef0f','2021-11-23 20:11:20','2021-11-23 20/11/20','admin','0:0:0:0:0:0:0:1','http://localhost:8080/data/orders',5,'close'),('6f2e8cc2-681d-4999-93cf-1b491dcaee30','2021-11-23 10:14:33',NULL,'ai','0:0:0:0:0:0:0:1','http://localhost/user/login',1,'home'),('6f5e1ba6-3bcc-4b19-921e-cdb91886a22e','2021-11-22 18:38:44',NULL,'admin','0:0:0:0:0:0:0:1','http://localhost/data/product',7,'toAdd'),('6f623da8-cccb-400a-b2fd-11710ba63cdf','2021-11-24 11:02:56','2021-11-24 11/02/56','admin','0:0:0:0:0:0:0:1','http://localhost:8080/system/user',50,'save'),('6f69c378-fe8c-4734-a825-55c4871b4426','2021-11-23 19:57:18','2021-11-23 19/57/18','admin','0:0:0:0:0:0:0:1','http://localhost:8080/system/role',0,'toAdd'),('6fc2f851-5533-4516-8870-63f27ac3e45b','2021-11-23 19:56:33','2021-11-23 19/56/33','admin','0:0:0:0:0:0:0:1','http://localhost:8080/system/role',12,'author'),('6ff51520-ac3b-4c4f-86e3-6946602d67c3','2021-11-23 12:04:53','2021-11-23 12/04/53','admin','0:0:0:0:0:0:0:1','http://localhost/system/permission',3,'save'),('7016d55a-cfef-4f63-a580-d1b7ca18e924','2021-11-22 22:13:36',NULL,'admin','0:0:0:0:0:0:0:1','http://localhost/system/role',8,'author'),('707a11f9-bf2f-405b-9d3a-9b80c676d017','2021-11-23 13:57:06','2021-11-23 13/57/06','admin','0:0:0:0:0:0:0:1','http://localhost/system/role',151,'author'),('7082f8dc-362f-4dfb-9b08-dcf0256f25cf','2021-11-22 22:28:12',NULL,'admin','0:0:0:0:0:0:0:1','http://localhost/system/role',7,'author'),('7114e617-a2d8-4d8b-9f7f-97509ba931f5','2021-11-23 13:46:10','2021-11-23 13/46/10','admin','0:0:0:0:0:0:0:1','http://localhost/system/permission',5,'save'),('711a4356-aacd-4d84-a4f9-82e1f9736cc9','2021-11-23 20:18:19','2021-11-23 20/18/19','admin','0:0:0:0:0:0:0:1','http://localhost:8080/data/product',3,'toAdd'),('717d7ad3-0d8e-4c76-bd61-54b60271e4ef','2021-11-22 21:44:05',NULL,'admin','0:0:0:0:0:0:0:1','http://localhost/system/role',64,'save'),('71b6a226-523f-4e06-b3af-70fc3c78db03','2021-11-23 13:49:41','2021-11-23 13/49/39','admin','0:0:0:0:0:0:0:1','http://localhost/system/role',1314,'updateRolePermission'),('72437368-1418-494e-a19f-ccef21475bc8','2021-11-23 12:15:49','2021-11-23 12/15/49','admin','0:0:0:0:0:0:0:1','http://localhost/data/product',53,'toAdd'),('72a4c268-ba18-4d96-8d75-b67aac6a5299','2021-11-23 15:00:03','2021-11-23 15/00/04','admin','0:0:0:0:0:0:0:1','http://localhost/user/login',8,'home'),('72e339b7-1956-40e5-aa43-89cfb32ee9cf','2021-11-23 15:26:02','2021-11-23 15/26/04','admin','0:0:0:0:0:0:0:1','http://localhost/system/permission',33,'toAdd'),('7301f07b-c983-45a6-84f6-89ab5e0e2557','2021-11-23 13:48:43','2021-11-23 13/48/43','admin','0:0:0:0:0:0:0:1','http://localhost/system/permission',2,'searchData'),('731a6d05-0138-4ed9-aa98-ee1896002066','2021-11-23 19:36:47','2021-11-23 19/36/47','admin','0:0:0:0:0:0:0:1','http://localhost:8080/data/product',6,'toEdit'),('735cde89-ffd0-4171-9e62-e277b7f960e1','2021-11-22 22:36:45',NULL,'admin','0:0:0:0:0:0:0:1','http://localhost/user/login',47,'setCheckCode'),('73876c92-670e-4a29-beb6-a0a73d7d0052','2021-11-23 16:42:31','2021-11-23 16/42/31','admin','0:0:0:0:0:0:0:1','http://localhost/system/user',4,'save'),('739ab7bc-0ee5-493f-be74-b6408fddf132','2021-11-23 20:00:25','2021-11-23 20/00/25','admin','0:0:0:0:0:0:0:1','http://localhost:8080/system/role',11,'author'),('7426f09e-63f5-4ea9-98a6-24828061dcfc','2021-11-23 19:38:34','2021-11-23 19/38/34','admin','0:0:0:0:0:0:0:1','http://localhost:8080/data/orders',3,'open'),('7427b530-8600-4fa5-8dfc-f6a1590c07ac','2021-11-23 20:34:01','2021-11-23 20/34/01','admin','0:0:0:0:0:0:0:1','http://localhost:8080/data/product',10,'toAdd'),('745a6350-cd7d-4025-b467-c981862b998d','2021-11-24 11:35:49','2021-11-24 11/35/49','admin','0:0:0:0:0:0:0:1','http://localhost:8080/data/product',5,'edit'),('748de776-e968-4606-9efc-f7e703dddfcf','2021-11-23 12:25:50','2021-11-23 12/25/56','admin','0:0:0:0:0:0:0:1','http://localhost/system/role',63,'toAdd'),('7616d200-15af-4c47-8faa-1e582510869d','2021-11-23 19:38:31','2021-11-23 19/38/31','admin','0:0:0:0:0:0:0:1','http://localhost:8080/data/orders',4,'close'),('76e5bc76-5fdf-435c-8f98-51a72fcab15d','2021-11-23 17:17:25','2021-11-23 17/17/29','admin','0:0:0:0:0:0:0:1','http://localhost/user/login',1,'home'),('77179059-ea27-4478-81b3-22f7c93b5326','2021-11-23 13:20:45','2021-11-23 13/20/47','admin','0:0:0:0:0:0:0:1','http://localhost/system/permission',39,'toAdd'),('77f8626e-a9d2-4b68-a305-7b80b08abf81','2021-11-22 18:36:56',NULL,'admin','0:0:0:0:0:0:0:1','http://localhost/data/product',16,'toEdit'),('78974964-6e02-4c3f-972e-276378450a75','2021-11-23 21:11:58','2021-11-23 21/11/58','admin','0:0:0:0:0:0:0:1','http://localhost:8080/system/role',19,'author'),('789f0641-48fb-4ce3-81ac-01081317d97b','2021-11-23 12:05:53','2021-11-23 12/05/53','admin','0:0:0:0:0:0:0:1','http://localhost/system/permission',6,'save'),('78adb15b-caf2-4a31-9f6a-c0220ecc81c2','2021-11-23 21:52:26','2021-11-23 21/52/26','admin','0:0:0:0:0:0:0:1','http://localhost:8080/system/role',20,'author'),('79bc41ad-f83d-4333-8394-c1c12ff65d5b','2021-11-23 12:35:12','2021-11-23 12/35/11','admin','0:0:0:0:0:0:0:1','http://localhost/system/role',690,'author'),('7a1aaf2c-47ff-487a-9599-b7b16638ae85','2021-11-23 21:41:58','2021-11-23 21/41/58','admin','0:0:0:0:0:0:0:1','http://localhost:8080/system/role',21,'save'),('7a50d611-04cf-42e6-b0a4-046ee91952be','2021-11-23 21:37:31','2021-11-23 21/37/31','admin','0:0:0:0:0:0:0:1','http://localhost:8080/system/role',7,'updateStatus'),('7b3286bd-4779-4cd1-8b26-ab0ad9c1248e','2021-11-23 10:15:43',NULL,'admin','0:0:0:0:0:0:0:1','http://localhost/user/login',8,'home'),('7b8ec845-b851-4f8b-b533-e061c51ea675','2021-11-23 13:37:26','2021-11-23 13/37/26','admin','0:0:0:0:0:0:0:1','http://localhost/user/login',2,'home'),('7bb3daef-abe4-4e2f-894b-3160fe7763a0','2021-11-24 11:08:29','2021-11-24 11/08/29','admin','0:0:0:0:0:0:0:1','http://localhost:8080/system/role',9,'updateStatus'),('7c4e3703-e616-47f7-be7f-eb9c6a3b6c72','2021-11-23 11:54:14','2021-11-23 11/54/14','admin','0:0:0:0:0:0:0:1','http://localhost/system/permission',3,'update'),('7c62f0bd-e783-4134-8d9f-993229905e2f','2021-11-23 20:14:53','2021-11-23 20/14/53','admin','0:0:0:0:0:0:0:1','http://localhost:8080/data/product',19,'delete'),('7cbc63f9-028c-47d6-b8b8-1739efa01925','2021-11-23 19:34:47','2021-11-23 19/34/47','admin','0:0:0:0:0:0:0:1','http://localhost:8080/data/product',37,'delete'),('7d436eac-f017-4ac1-b922-f272e17a1ff3','2021-11-23 12:01:41','2021-11-23 12/01/43','admin','0:0:0:0:0:0:0:1','http://localhost/system/permission',21,'toAdd'),('7d5ca8bc-eb8d-42ff-bf00-1664e2c65aff','2021-11-23 17:56:56','2021-11-23 17/57/00','admin','0:0:0:0:0:0:0:1','http://localhost/system/permission',24,'toEdit'),('7d6e3784-fbb1-4896-ac66-78f0632804d7','2021-11-24 10:16:59','2021-11-24 10/16/59','ai','0:0:0:0:0:0:0:1','http://localhost:8080/system/user',10,'updateRole'),('7d8a4878-8b3f-4a0c-b752-cdcc66934f13','2021-11-23 12:37:52','2021-11-23 12/37/52','admin','0:0:0:0:0:0:0:1','http://localhost/system/permission',45,'save'),('7dcfce38-37b9-4925-bf77-f6484a3838eb','2021-11-23 22:41:51','2021-11-23 22/41/51','admin','0:0:0:0:0:0:0:1','http://localhost:8080/system/role',23,'author'),('7eab949a-7c59-4ea9-8a79-daee8e14598a','2021-11-22 22:27:16',NULL,'admin','0:0:0:0:0:0:0:1','http://localhost/system/user',7,'addRoleToUser'),('7f270193-a4e0-4219-af17-ded7a2d0d944','2021-11-22 22:38:11',NULL,'admin','0:0:0:0:0:0:0:1','http://localhost/user/login',6,'updatePwd'),('7f345501-613f-41e8-a8f6-4e2db4215f37','2021-11-23 11:55:36','2021-11-23 11/55/36','admin','0:0:0:0:0:0:0:1','http://localhost/system/permission',20,'toEdit'),('7f701034-39f4-4b64-8684-2ea316513af0','2021-11-23 12:21:44','2021-11-23 12/21/45','admin','0:0:0:0:0:0:0:1','http://localhost/user/login',11,'home'),('7fda0e83-af42-47b4-8d86-603972429c44','2021-11-23 17:45:37','2021-11-23 17/45/37','admin','0:0:0:0:0:0:0:1','http://localhost/user/login',1,'home'),('8015a419-edbb-4afa-9214-28cdd21597ca','2021-11-23 19:33:34','2021-11-23 19/33/34','admin','0:0:0:0:0:0:0:1','http://localhost:8080/system/permission',22,'toEdit'),('80f7b119-08f2-4bcf-ae52-96c866158638','2021-11-24 10:17:57','2021-11-24 10/17/57','ai','0:0:0:0:0:0:0:1','http://localhost:8080/system/role',11,'author'),('81a6749f-5f3f-42eb-be73-83d231717168','2021-11-24 09:04:24','2021-11-24 09/04/24','admin','0:0:0:0:0:0:0:1','http://localhost:8080/data/product',24,'close'),('81b7bca4-1f67-4b86-b15c-05bb93c74f16','2021-11-23 13:49:23','2021-11-23 13/49/23','admin','0:0:0:0:0:0:0:1','http://localhost/system/permission',4,'save'),('826b6b7d-f231-493d-8adf-2facbd3306ba','2021-11-23 22:43:33','2021-11-23 22/43/33','admin','0:0:0:0:0:0:0:1','http://localhost:8080/system/role',7,'updateStatus'),('82e06e37-1129-4ec6-b7e8-5945973910a7','2021-11-24 08:41:31','2021-11-24 08/41/31','admin','0:0:0:0:0:0:0:1','http://localhost:8080/system/role',7,'edit'),('82f51d06-a20e-46f7-b95a-31375da3b88e','2021-11-23 11:23:40',NULL,'admin','0:0:0:0:0:0:0:1','http://localhost/user/login',2,'home'),('83696bf2-9f4c-4d98-b2da-526ba557d275','2021-11-23 16:56:06','2021-11-23 16/56/06','admin','0:0:0:0:0:0:0:1','http://localhost/user/login',2,'home'),('83dde6e1-4402-4b27-a969-f70ce38a974a','2021-11-23 15:44:02','2021-11-23 15/44/02','admin','0:0:0:0:0:0:0:1','http://localhost/user/login',1,'home'),('83ec7e14-5691-4070-bfb5-2ca3a3d8c23c','2021-11-23 16:45:57','2021-11-23 16/46/00','ai','0:0:0:0:0:0:0:1','http://localhost/user/login',1,'home'),('844a28e9-7ce7-467f-b5fa-edece57f0c10','2021-11-23 17:45:30','2021-11-23 17/45/30','admin','0:0:0:0:0:0:0:1','http://localhost/user/login',11,'home'),('849e9ebe-ecab-46a8-8947-b87f33eea077','2021-11-23 21:00:54','2021-11-23 21/00/54','admin','0:0:0:0:0:0:0:1','http://localhost:8080/system/role',8,'toEdit'),('84f24e4b-f6a2-4c11-a07a-7fce069c427f','2021-11-24 11:35:04','2021-11-24 11/35/04','admin','0:0:0:0:0:0:0:1','http://localhost:8080/data/product',4,'edit'),('85206d0c-3484-4b84-945e-fb23aca4d215','2021-11-23 12:06:21','2021-11-23 12/06/21','admin','0:0:0:0:0:0:0:1','http://localhost/system/permission',4,'save'),('8590128b-4450-4ffb-a8b7-de23a3f0dd42','2021-11-23 17:56:46','2021-11-23 17/56/48','admin','0:0:0:0:0:0:0:1','http://localhost/system/permission',5,'save'),('8628a57d-eda9-4d32-8d60-8ecfb3d9dc8c','2021-11-23 22:43:37','2021-11-23 22/43/37','admin','0:0:0:0:0:0:0:1','http://localhost:8080/system/role',18,'author'),('86322fba-43da-4848-87e0-74baa37d6798','2021-11-22 22:29:44',NULL,'admin','0:0:0:0:0:0:0:1','http://localhost/system/user',5,'addRoleToUser'),('86556677-e57d-48e2-8d82-92bd0dc31b58','2021-11-23 11:54:46','2021-11-23 11/54/47','admin','0:0:0:0:0:0:0:1','http://localhost/system/permission',9,'toEdit'),('86f39d80-21aa-484f-ac63-2fbe739fd04b','2021-11-23 11:54:42','2021-11-23 11/54/43','admin','0:0:0:0:0:0:0:1','http://localhost/system/permission',5,'update'),('87788de3-1e70-4c52-a2eb-595e5ce7943b','2021-11-23 21:58:29','2021-11-23 21/58/29','admin','0:0:0:0:0:0:0:1','http://localhost:8080/system/user',6,'detail'),('87a056e8-bbb3-42f2-9a66-0bd9e8c54d9e','2021-11-23 22:44:14','2021-11-23 22/44/14','admin','0:0:0:0:0:0:0:1','http://localhost:8080/system/role',15,'author'),('87a41286-e7ff-4592-b627-5232b7794140','2021-11-23 11:53:29','2021-11-23 11/53/30','admin','0:0:0:0:0:0:0:1','http://localhost/system/permission',4,'update'),('87ae2d54-b5ce-45c6-905d-c3ec52d6644e','2021-11-23 10:33:06',NULL,'admin','0:0:0:0:0:0:0:1','http://localhost/user/login',1,'home'),('87da3a7b-3c51-4166-b60e-76ad1a1bd95b','2021-11-23 19:57:22','2021-11-23 19/57/22','admin','0:0:0:0:0:0:0:1','http://localhost:8080/system/role',191,'save'),('87e6999e-fb97-4f6c-b46e-4664c0fdfd30','2021-11-23 22:41:57','2021-11-23 22/41/57','admin','0:0:0:0:0:0:0:1','http://localhost:8080/system/role',49,'updateRolePermission'),('8807a0ba-8b39-4609-96cb-f4bac65c6cd6','2021-11-23 15:42:52','2021-11-23 15/42/53','admin','0:0:0:0:0:0:0:1','http://localhost/user/login',1,'home'),('880a2bc6-8422-4db3-b00e-1785ad0a7f6b','2021-11-23 21:45:34','2021-11-23 21/45/34','admin','0:0:0:0:0:0:0:1','http://localhost:8080/system/role',28,'author'),('883591cc-2f6d-43d2-b4bd-6c2b5c300684','2021-11-23 10:15:48',NULL,'admin','0:0:0:0:0:0:0:1','http://localhost/user/login',1,'home'),('899c0f3c-1b56-4168-a03f-55c5686b784e','2021-11-23 19:33:44','2021-11-23 19/33/44','admin','0:0:0:0:0:0:0:1','http://localhost:8080/data/product',2,'toAdd'),('89ae7bd7-db45-4fd2-b250-731c90cfd717','2021-11-24 11:26:45','2021-11-24 11/26/45','admin','0:0:0:0:0:0:0:1','http://localhost:8080/data/orders',13,'toDetail'),('89be629e-6e49-49cd-8dca-464d82feeceb','2021-11-23 19:37:05','2021-11-23 19/37/05','admin','0:0:0:0:0:0:0:1','http://localhost:8080/data/product',37,'close'),('89ded14b-3a98-4a0b-91f8-be528b3a9ffb','2021-11-23 19:48:51','2021-11-23 19/48/51','admin','0:0:0:0:0:0:0:1','http://localhost:8080/system/user',5,'updateRole'),('89f6e1fa-2357-4bd5-bdcc-b2677eb1e355','2021-11-23 22:43:34','2021-11-23 22/43/34','admin','0:0:0:0:0:0:0:1','http://localhost:8080/system/role',8,'updateStatus'),('8a1253f8-f43f-4e83-beee-00f515c31bbf','2021-11-23 13:48:45','2021-11-23 13/48/45','admin','0:0:0:0:0:0:0:1','http://localhost/system/permission',3,'searchData'),('8a47737f-401b-4bd1-973b-788b9a0fb3a0','2021-11-24 11:34:57','2021-11-24 11/34/57','admin','0:0:0:0:0:0:0:1','http://localhost:8080/data/product',6,'edit'),('8adae7ed-826a-4c33-9d3a-641480ddb2e3','2021-11-23 13:59:46','2021-11-23 13/59/46','admin','0:0:0:0:0:0:0:1','http://localhost/user/login',7,'home'),('8aff1f6c-666f-4aad-b76c-64987610b028','2021-11-23 21:52:32','2021-11-23 21/52/32','admin','0:0:0:0:0:0:0:1','http://localhost:8080/system/role',52,'updateRolePermission'),('8b30f565-5f9e-48d9-97fd-55e451085d92','2021-11-23 14:20:16','2021-11-23 14/20/16','admin','0:0:0:0:0:0:0:1','http://localhost/data/orders',15,'toAdd'),('8b653a77-08c2-4f67-a2e5-dad6723cb60a','2021-11-23 17:06:29','2021-11-23 17/06/33','admin','0:0:0:0:0:0:0:1','http://localhost/user/login',2,'home'),('8b95dfbf-a8e5-45fb-9b76-031fe2a29fac','2021-11-23 20:33:43','2021-11-23 20/33/43','admin','0:0:0:0:0:0:0:1','http://localhost:8080/data/orders',6,'open'),('8bd94fe2-b1a1-419d-a226-fe9d8261c80d','2021-11-22 22:13:28',NULL,'admin','0:0:0:0:0:0:0:1','http://localhost/system/role',686,'author'),('8bf73ad1-15f8-40cd-af94-49d56efef77d','2021-11-23 21:58:57','2021-11-23 21/58/57','admin','0:0:0:0:0:0:0:1','http://localhost:8080/system/user',11,'updateRole'),('8c8e553d-a231-4f9a-a43b-0628fbe800b1','2021-11-23 13:58:51','2021-11-23 13/58/51','admin','0:0:0:0:0:0:0:1','http://localhost/system/permission',145,'toEdit'),('8d942b4d-1f4a-4b7d-8038-12d824c5a7db','2021-11-23 21:58:34','2021-11-23 21/58/34','admin','0:0:0:0:0:0:0:1','http://localhost:8080/system/user',6,'updateStatus'),('8dabcb17-86f3-4a6c-84f8-7a9d7e41587d','2021-11-23 15:22:32','2021-11-23 15/22/33','admin','0:0:0:0:0:0:0:1','http://localhost/user/login',8,'home'),('8dc939d0-c31f-4116-9c82-b5f4b6cc48b8','2021-11-23 16:42:20','2021-11-23 16/42/21','admin','0:0:0:0:0:0:0:1','http://localhost/system/user',3,'save'),('8df43ee5-dfd8-4740-930f-7b6cc29ef042','2021-11-22 18:41:50',NULL,'admin','0:0:0:0:0:0:0:1','http://localhost/data/product',4,'toAdd'),('8dffdfc1-79ef-42da-8d77-71cb3d13a709','2021-11-23 19:34:38','2021-11-23 19/34/38','admin','0:0:0:0:0:0:0:1','http://localhost:8080/data/product',10,'save'),('8eac6164-1518-4bf0-aff6-39d73609a396','2021-11-23 12:26:14','2021-11-23 12/26/14','admin','0:0:0:0:0:0:0:1','http://localhost/system/role',8,'author'),('8ed67c0b-32c9-44b5-be6b-28de0844919d','2021-11-23 16:43:21','2021-11-23 16/43/22','admin','0:0:0:0:0:0:0:1','http://localhost/system/role',10,'save'),('8ef4fce5-f1b3-4b88-8569-f8eb137e0934','2021-11-23 13:47:21','2021-11-23 13/47/21','admin','0:0:0:0:0:0:0:1','http://localhost/system/permission',4,'save'),('8f27daf4-85e3-493d-abed-63b74efa3b1a','2021-11-22 16:56:07',NULL,'admin','0:0:0:0:0:0:0:1','http://localhost/data/product',27,'toAdd'),('8fc2c530-0298-4459-a210-6d37f8669d56','2021-11-24 10:59:52','2021-11-24 10/59/52','admin','0:0:0:0:0:0:0:1','http://localhost:8080/user/login',7,'updatePwd'),('8ff7ed8c-013b-43d5-ad52-1fadce7a02d3','2021-11-23 12:38:38','2021-11-23 12/38/38','admin','0:0:0:0:0:0:0:1','http://localhost/system/permission',23,'toAdd'),('902cf477-c851-4c1b-a56c-767fb6bea7a6','2021-11-23 11:56:23','2021-11-23 11/56/27','admin','0:0:0:0:0:0:0:1','http://localhost/system/permission',3,'update'),('90708c18-fef5-41be-b15a-5272296c4127','2021-11-24 09:04:29','2021-11-24 09/04/29','admin','0:0:0:0:0:0:0:1','http://localhost:8080/data/product',6,'open'),('90967fa5-5863-4b05-bd7d-30061ae4c5fa','2021-11-23 22:46:23','2021-11-23 22/46/23','admin','0:0:0:0:0:0:0:1','http://localhost:8080/system/role',30,'updateRolePermission'),('90e016c4-489e-4fc1-89b1-968ba742b61d','2021-11-23 21:45:31','2021-11-23 21/45/31','admin','0:0:0:0:0:0:0:1','http://localhost:8080/system/role',11,'edit'),('911187ef-e583-46df-a048-de2efc13f9b0','2021-11-23 12:32:13','2021-11-23 12/32/15','admin','0:0:0:0:0:0:0:1','http://localhost/user/login',2,'home'),('912844ef-46e2-45eb-9d2b-85c68e375c9a','2021-11-23 16:58:52','2021-11-23 16/58/53','admin','0:0:0:0:0:0:0:1','http://localhost/system/role',9,'delete'),('915d7966-6d25-4eb5-8082-02872b7ef035','2021-11-23 16:42:12','2021-11-23 16/42/12','admin','0:0:0:0:0:0:0:1','http://localhost/system/user',1,'toAdd'),('91f22346-2e08-4537-9b80-51ce19b46280','2021-11-22 17:18:40',NULL,'admin','0:0:0:0:0:0:0:1','http://localhost/data/orders',13,'toDetail'),('9237d147-7ac8-4844-8bb3-1b7b0a927105','2021-11-23 13:24:48','2021-11-23 13/24/48','admin','0:0:0:0:0:0:0:1','http://localhost/system/permission',46,'toAdd'),('92690785-dd70-4a08-abf2-d212e5db8425','2021-11-24 11:30:24','2021-11-24 11/30/24','admin','0:0:0:0:0:0:0:1','http://localhost:8080/system/role',16,'updateRolePermission'),('92b9db1a-52af-4895-abb0-6d507e7dd6b5','2021-11-23 20:14:13','2021-11-23 20/14/13','admin','0:0:0:0:0:0:0:1','http://localhost:8080/data/product',3,'toAdd'),('92be10cb-16a7-484f-ae59-de7e3e5dcf82','2021-11-23 17:45:53','2021-11-23 17/45/53','admin','0:0:0:0:0:0:0:1','http://localhost/user/login',45,'setCheckCode'),('92da59b8-b52b-43f9-a139-c8941e0528c0','2021-11-23 16:43:19','2021-11-23 16/43/19','admin','0:0:0:0:0:0:0:1','http://localhost/system/role',1,'toAdd'),('931223ef-9383-4f72-a8a7-b06f58daedaf','2021-11-23 15:42:11','2021-11-23 15/42/14','admin','0:0:0:0:0:0:0:1','http://localhost/user/login',1,'home'),('932b6e3c-8b97-4f81-8381-4c2471b7cc51','2021-11-24 08:41:45','2021-11-24 08/41/45','admin','0:0:0:0:0:0:0:1','http://localhost:8080/system/role',9,'updateStatus'),('93a077b0-e2a8-40c0-99c0-7730f85d1363','2021-11-23 13:38:48','2021-11-23 13/38/49','admin','0:0:0:0:0:0:0:1','http://localhost/user/login',7,'home'),('93f8addb-2a34-4971-ab33-044ce0d54451','2021-11-24 08:41:07','2021-11-24 08/41/07','admin','0:0:0:0:0:0:0:1','http://localhost:8080/system/role',18,'author'),('940e717a-2561-4f91-b8f2-7560dfc67368','2021-11-23 22:46:33','2021-11-23 22/46/33','admin','0:0:0:0:0:0:0:1','http://localhost:8080/system/role',33,'updateRolePermission'),('94cdd770-5219-4835-92ef-398e43863dcd','2021-11-23 20:17:15','2021-11-23 20/17/15','admin','0:0:0:0:0:0:0:1','http://localhost:8080/data/orders',4,'toAdd'),('951eafc5-dfe8-4458-b196-af638754e1e6','2021-11-23 19:50:17','2021-11-23 19/50/17','admin','0:0:0:0:0:0:0:1','http://localhost:8080/system/role',6,'edit'),('953acf03-e935-451e-8928-a21c382fbb89','2021-11-23 10:27:47',NULL,'admin','0:0:0:0:0:0:0:1','http://localhost/user/login',8,'home'),('958ec651-9252-40d6-825d-cc22ef611914','2021-11-23 13:39:01','2021-11-23 13/39/01','admin','0:0:0:0:0:0:0:1','http://localhost/system/role',138,'author'),('95ed7e70-b930-41e2-9f44-819bd497666f','2021-11-23 21:08:14','2021-11-23 21/08/14','admin','0:0:0:0:0:0:0:1','http://localhost:8080/system/permission',46,'save'),('960b91b6-2715-42ae-a9d7-8568a1af9097','2021-11-24 11:08:33','2021-11-24 11/08/33','admin','0:0:0:0:0:0:0:1','http://localhost:8080/system/role',9,'updateStatus'),('96104b04-65b3-442e-9c8b-714944e52cd9','2021-11-22 18:37:07',NULL,'admin','0:0:0:0:0:0:0:1','http://localhost/data/product',29,'edit'),('964ee8ff-3daf-4eb2-b6b7-a5942f6d580b','2021-11-23 12:03:57','2021-11-23 12/03/59','admin','0:0:0:0:0:0:0:1','http://localhost/system/permission',14,'toAdd'),('96ddf3e6-d138-4258-bcc8-c367001e033a','2021-11-22 22:27:19',NULL,'admin','0:0:0:0:0:0:0:1','http://localhost/system/user',27,'deleteById'),('9774be7d-cb46-4f6d-8f48-a02065ff4a88','2021-11-23 19:36:53','2021-11-23 19/36/53','admin','0:0:0:0:0:0:0:1','http://localhost:8080/data/product',10,'edit'),('97adf838-de34-40bc-8833-12385afbbbe8','2021-11-22 22:29:28',NULL,'admin','0:0:0:0:0:0:0:1','http://localhost/system/user',8,'updateRole'),('98295db2-ebc3-4b94-8b4a-bf37ec5304a2','2021-11-23 20:13:46','2021-11-23 20/13/46','admin','0:0:0:0:0:0:0:1','http://localhost:8080/data/product',2,'toAdd'),('9883da80-b6cb-4f88-862c-f5482d5254fa','2021-11-23 13:02:00','2021-11-23 13/02/00','admin','0:0:0:0:0:0:0:1','http://localhost/user/login',2,'home'),('98ba1098-b8ab-442b-a214-f12160777459','2021-11-23 10:30:28',NULL,'admin','0:0:0:0:0:0:0:1','http://localhost/user/login',8,'home'),('99c69c9b-9207-4db9-b443-58b201760d12','2021-11-24 10:18:11','2021-11-24 10/18/11','ai','0:0:0:0:0:0:0:1','http://localhost:8080/system/user',5,'updateRole'),('99c91a16-071d-41c8-a361-45c6c6f83896','2021-11-23 11:18:03',NULL,'ai','0:0:0:0:0:0:0:1','http://localhost/user/login',10,'home'),('9a468982-5a86-4858-9911-4f59b59234d3','2021-11-23 22:48:14','2021-11-23 22/48/14','admin','0:0:0:0:0:0:0:1','http://localhost:8080/system/role',21,'delete'),('9a5f8d23-b3fd-4160-944e-0ba01cfd3d5a','2021-11-23 21:37:11','2021-11-23 21/37/11','admin','0:0:0:0:0:0:0:1','http://localhost:8080/system/role',54,'updateRolePermission'),('9b0f1541-f197-4ae9-b903-7eae6aa37a00','2021-11-24 08:40:41','2021-11-24 08/40/41','admin','0:0:0:0:0:0:0:1','http://localhost:8080/system/user',5,'detail'),('9b132f6f-1ce1-4a5b-aa88-cd2dcfe2208d','2021-11-23 21:11:02','2021-11-23 21/11/02','admin','0:0:0:0:0:0:0:1','http://localhost:8080/system/permission',4,'openSelected'),('9b1acc57-27b2-483f-bc23-a4ba12951f65','2021-11-23 19:39:33','2021-11-23 19/39/33','admin','0:0:0:0:0:0:0:1','http://localhost:8080/data/orders',8,'save'),('9bb164f1-5916-4b92-a08e-4999f452dabb','2021-11-23 14:38:37','2021-11-23 14/38/37','admin','0:0:0:0:0:0:0:1','http://localhost/user/login',8,'home'),('9bd9a4aa-a426-4932-939d-da2ae9f2b0d2','2021-11-23 17:52:55','2021-11-23 17/52/55','admin','0:0:0:0:0:0:0:1','http://localhost/user/login',8,'home'),('9bdd03af-595c-45d9-a668-f71ff8114932','2021-11-23 22:41:32','2021-11-23 22/41/32','admin','0:0:0:0:0:0:0:1','http://localhost:8080/system/role',9,'edit'),('9c0b4a90-d2b9-4727-a46a-b198cc0e32c8','2021-11-23 12:00:47','2021-11-23 12/00/50','admin','0:0:0:0:0:0:0:1','http://localhost/system/permission',9,'toEdit'),('9c2b2ef2-65ff-4e72-9f07-14cc1c98492c','2021-11-23 10:22:13',NULL,'admin','0:0:0:0:0:0:0:1','http://localhost/user/login',9,'home'),('9d09d96f-742e-4315-a676-0ca978164287','2021-11-23 21:11:44','2021-11-23 21/11/44','admin','0:0:0:0:0:0:0:1','http://localhost:8080/system/role',13,'author'),('9e2c0081-7e7a-4bfb-88b5-141ac5235d27','2021-11-23 12:03:56','2021-11-23 12/03/57','admin','0:0:0:0:0:0:0:1','http://localhost/system/permission',3,'save'),('9e2c3f83-e6bb-4b41-850f-84c2a9a141d8','2021-11-23 12:53:54','2021-11-23 12/53/54','admin','0:0:0:0:0:0:0:1','http://localhost/user/login',2,'home'),('9e5cef6c-e85f-4e54-a106-0389d5b5046f','2021-11-23 15:25:29','2021-11-23 15/25/35','admin','0:0:0:0:0:0:0:1','http://localhost/system/permission',19,'toAdd'),('9eb9198f-11ff-443f-8768-cde36de089f3','2021-11-23 21:12:32','2021-11-23 21/12/32','admin','0:0:0:0:0:0:0:1','http://localhost:8080/system/role',9,'author'),('9efb68bc-b853-4620-974c-96dee1e4f3bf','2021-11-23 21:58:35','2021-11-23 21/58/35','admin','0:0:0:0:0:0:0:1','http://localhost:8080/system/user',5,'updateStatus'),('9fb9a57a-d1de-440d-8e15-cb16727a59b3','2021-11-23 13:30:55','2021-11-23 13/30/56','admin','0:0:0:0:0:0:0:1','http://localhost/user/login',0,'home'),('a0be0e47-d1df-47bb-b522-d692171aef22','2021-11-23 14:17:07','2021-11-23 14/17/08','admin','0:0:0:0:0:0:0:1','http://localhost/data/product',41,'save'),('a12409b9-2654-49f0-8e63-60a5cb92d8d0','2021-11-23 16:43:17','2021-11-23 16/43/17','admin','0:0:0:0:0:0:0:1','http://localhost/system/role',8,'save'),('a2003b2e-71a4-4657-a7ec-1b766302ffbc','2021-11-23 12:21:52','2021-11-23 12/21/53','admin','0:0:0:0:0:0:0:1','http://localhost/data/product',11,'findByNum'),('a310b6a8-8d38-4b6c-a4d2-c86c889cc337','2021-11-23 11:34:39','2021-11-23 11/34/39','admin','0:0:0:0:0:0:0:1','http://localhost/user/login',9,'home'),('a325783e-b4a1-42bd-b601-4a7c49f103a5','2021-11-23 10:38:59',NULL,'admin','0:0:0:0:0:0:0:1','http://localhost/user/login',8,'home'),('a36ae068-6ad0-4e5f-baf5-12b38561d153','2021-11-23 13:58:54','2021-11-23 13/58/55','admin','0:0:0:0:0:0:0:1','http://localhost/system/permission',44,'update'),('a36efed5-d1a2-4580-b895-b5ea9272c6c2','2021-11-22 16:35:11',NULL,'admin','0:0:0:0:0:0:0:1','http://localhost/data/orders',25,'close'),('a3c0032b-4593-4646-8e48-2ee316aa11c8','2021-11-23 13:20:35','2021-11-23 13/20/35','admin','0:0:0:0:0:0:0:1','http://localhost/user/login',10,'home'),('a3c35827-2ecf-4d8a-bde3-16eb90811977','2021-11-23 20:21:27','2021-11-23 20/21/27','admin','0:0:0:0:0:0:0:1','http://localhost:8080/data/product',2,'toAdd'),('a447b329-f87c-4987-9ed7-e0629b7f67e7','2021-11-23 08:36:04',NULL,'admin','0:0:0:0:0:0:0:1','http://localhost/system/role',7,'author'),('a45b2053-7e4d-4694-ab51-91af23007251','2021-11-23 16:33:28','2021-11-23 16/33/31','admin','0:0:0:0:0:0:0:1','http://localhost/user/login',1,'home'),('a57a91b6-2b7f-44c0-bee7-0272652ffd77','2021-11-23 08:34:54',NULL,'admin','0:0:0:0:0:0:0:1','http://localhost/system/role',3,'toAdd'),('a5a76f3c-4733-4a09-8749-2d4c1e95ea98','2021-11-23 21:13:51','2021-11-23 21/13/51','admin','0:0:0:0:0:0:0:1','http://localhost:8080/system/role',20,'author'),('a5f9e6a8-1cde-4d71-8fc4-092dfcc2652f','2021-11-23 08:35:47',NULL,'admin','0:0:0:0:0:0:0:1','http://localhost/system/role',10,'save'),('a5fc9dfc-c5cf-4902-b61b-ecff76bc5252','2021-11-23 21:00:58','2021-11-23 21/00/58','admin','0:0:0:0:0:0:0:1','http://localhost:8080/system/role',51,'edit'),('a64ad3be-3c07-4169-a522-4999bf01d7f2','2021-11-22 18:38:55',NULL,'admin','0:0:0:0:0:0:0:1','http://localhost/data/product',6,'save'),('a6a84b9f-f2ab-41da-b324-5c06f0e6bb05','2021-11-24 08:40:39','2021-11-24 08/40/39','admin','0:0:0:0:0:0:0:1','http://localhost:8080/system/user',107,'detail'),('a70e8430-1a83-48d2-b6ee-d97d5c653216','2021-11-23 08:35:38',NULL,'admin','0:0:0:0:0:0:0:1','http://localhost/system/role',1,'toAdd'),('a71d09fb-28bb-45d7-988e-93d00c0edb65','2021-11-23 13:49:42','2021-11-23 13/49/42','admin','0:0:0:0:0:0:0:1','http://localhost/system/role',10,'author'),('a8487ac5-4472-4389-915d-a604670983bf','2021-11-23 20:18:59','2021-11-23 20/18/59','admin','0:0:0:0:0:0:0:1','http://localhost:8080/data/product',4,'toEdit'),('a8d4ecb0-fd4b-4364-8d18-d77753218bab','2021-11-23 15:25:27','2021-11-23 15/25/33','admin','0:0:0:0:0:0:0:1','http://localhost/user/login',8,'home'),('a90d90d1-a856-48f9-808d-3db4125f16ec','2021-11-23 22:45:05','2021-11-23 22/45/04','admin','0:0:0:0:0:0:0:1','http://localhost:8080/system/role',17,'author'),('a9160983-5cd0-462b-a518-ef5270b9478b','2021-11-23 10:25:02',NULL,'admin','0:0:0:0:0:0:0:1','http://localhost/user/login',8,'home'),('a9281fa7-3e75-41ac-9b04-f5f58ac17948','2021-11-24 11:04:15','2021-11-24 11/04/15','admin','0:0:0:0:0:0:0:1','http://localhost:8080/system/user',5,'updateStatus'),('aad1d4b8-c001-4e83-90c6-11cf53163d2c','2021-11-23 16:42:10','2021-11-23 16/42/10','admin','0:0:0:0:0:0:0:1','http://localhost/system/user',44,'save'),('ab63e93b-4852-48a3-817b-c7f57d62d3c9','2021-11-23 16:04:19','2021-11-23 16/04/20','admin','0:0:0:0:0:0:0:1','http://localhost/user/login',9,'home'),('ac2f59d0-acf9-4c32-82c6-faca09c04433','2021-11-23 11:57:05','2021-11-23 11/57/06','admin','0:0:0:0:0:0:0:1','http://localhost/system/role',6,'author'),('ac3196f0-f1b8-4802-b5a5-c593e815ef60','2021-11-23 22:45:10','2021-11-23 22/44/20','admin','0:0:0:0:0:0:0:1','http://localhost:8080/system/role',50494,'updateRolePermission'),('aceed539-5d30-421a-b306-a88742553c0e','2021-11-24 09:38:46','2021-11-24 09/38/46','admin','0:0:0:0:0:0:0:1','http://localhost:8080/data/orders',67,'toDetail'),('ad139238-2680-4063-b776-a758e85d4ffb','2021-11-23 20:20:55','2021-11-23 20/20/55','admin','0:0:0:0:0:0:0:1','http://localhost:8080/data/product',3,'save'),('ad3e4906-b9fd-4351-8250-10a94058ee7a','2021-11-23 12:28:19','2021-11-23 12/28/18','admin','0:0:0:0:0:0:0:1','http://localhost/system/role',139,'author'),('ad4d2b91-3fce-4d34-97a1-440a8757554e','2021-11-23 12:32:17','2021-11-23 12/32/20','admin','0:0:0:0:0:0:0:1','http://localhost/system/role',558,'author'),('ad6d12fd-d0ed-4d79-bae8-60ecbc6b7d04','2021-11-23 15:57:26','2021-11-23 15/57/26','admin','0:0:0:0:0:0:0:1','http://localhost/user/login',1,'home'),('adbed82b-d4ba-48c9-88f9-2fc54d86cab0','2021-11-22 17:19:05',NULL,'admin','0:0:0:0:0:0:0:1','http://localhost/data/orders',18,'findByName'),('ae297263-2ea4-4556-8590-e01cd1b941d4','2021-11-23 22:45:22','2021-11-23 22/45/22','admin','0:0:0:0:0:0:0:1','http://localhost:8080/system/role',12,'author'),('ae810cd8-f745-4711-b640-21bd07debf35','2021-11-23 11:53:44','2021-11-23 11/53/44','admin','0:0:0:0:0:0:0:1','http://localhost/system/permission',13,'toEdit'),('af16bef0-0fb7-4793-b4fb-0322e9c5b0e2','2021-11-23 15:56:52','2021-11-23 15/56/56','admin','0:0:0:0:0:0:0:1','http://localhost/user/login',1,'home'),('af80b2cb-3db0-41d9-8668-887b0e66cfb5','2021-11-22 17:22:29',NULL,'admin','0:0:0:0:0:0:0:1','http://localhost/data/product',4,'toAdd'),('b08744d7-e898-4552-b9a5-5a6aea400ad7','2021-11-23 13:46:32','2021-11-23 13/46/32','admin','0:0:0:0:0:0:0:1','http://localhost/system/permission',4,'save'),('b126f496-8d7f-4600-9229-f766540afe72','2021-11-23 19:54:48','2021-11-23 19/54/48','admin','0:0:0:0:0:0:0:1','http://localhost:8080/system/role',5,'toAdd'),('b18940ee-ad16-4d6f-9d7b-810056658073','2021-11-23 16:21:16','2021-11-23 16/21/18','admin','0:0:0:0:0:0:0:1','http://localhost/user/login',4,'home'),('b1a26c5d-47d8-4723-9f98-b7a024068a9f','2021-11-23 21:12:14','2021-11-23 21/12/14','admin','0:0:0:0:0:0:0:1','http://localhost:8080/system/role',11,'author'),('b1f6438f-0842-41fc-ac0f-82ef392ae99b','2021-11-23 21:06:53','2021-11-23 21/06/53','admin','0:0:0:0:0:0:0:1','http://localhost:8080/system/permission',5,'closeSelected'),('b231a56a-9ccb-4cf1-9cd2-7bb157f43b59','2021-11-23 13:28:33','2021-11-23 13/28/34','admin','0:0:0:0:0:0:0:1','http://localhost/system/permission',3,'save'),('b2702346-50a1-4dbf-9bd3-67a3d7950a40','2021-11-23 21:37:05','2021-11-23 21/37/05','admin','0:0:0:0:0:0:0:1','http://localhost:8080/system/role',19,'author'),('b27ea0c1-cac1-458a-a74c-1b2fd6df5804','2021-11-23 13:29:22','2021-11-23 13/29/22','admin','0:0:0:0:0:0:0:1','http://localhost/system/permission',5,'save'),('b37b6e4c-0042-4ada-818f-a320722b822e','2021-11-23 17:57:09','2021-11-23 17/57/09','admin','0:0:0:0:0:0:0:1','http://localhost/system/permission',4,'update'),('b3e0df7a-07c9-46c4-913c-1a01c6816b7d','2021-11-23 19:35:20','2021-11-23 19/35/20','admin','0:0:0:0:0:0:0:1','http://localhost:8080/data/product',12,'toEdit'),('b4531cc6-40b1-4987-a6f6-6f7507fc8954','2021-11-23 14:40:55','2021-11-23 14/40/58','admin','0:0:0:0:0:0:0:1','http://localhost/user/login',8,'home'),('b467ef1b-3466-48a9-a00c-1974724f72d0','2021-11-23 21:50:22','2021-11-23 21/50/22','admin','0:0:0:0:0:0:0:1','http://localhost:8080/system/permission',7,'update'),('b49ff56b-70dc-4d8f-950a-1674d0212b8c','2021-11-23 08:35:35',NULL,'admin','0:0:0:0:0:0:0:1','http://localhost/system/role',10,'save'),('b4c55b59-c8a8-4bf3-9561-2d430368bcd0','2021-11-23 21:06:22','2021-11-23 21/06/22','admin','0:0:0:0:0:0:0:1','http://localhost:8080/system/role',157,'author'),('b5aa81d6-48c7-4081-8551-a39902861392','2021-11-23 15:01:25','2021-11-23 15/01/27','admin','0:0:0:0:0:0:0:1','http://localhost/user/login',9,'home'),('b5f795c6-30c4-4ca2-9bc4-862209f582a0','2021-11-24 08:44:14','2021-11-24 08/44/14','admin','0:0:0:0:0:0:0:1','http://localhost:8080/data/orders',22,'close'),('b61c21dc-1c62-4bb0-86dc-59afa52bcb02','2021-11-23 11:51:35','2021-11-23 11/51/35','admin','0:0:0:0:0:0:0:1','http://localhost/system/permission',15,'toEdit'),('b6b1c9b7-d327-4a70-8000-756cb538c7dd','2021-11-23 19:57:44','2021-11-23 19/57/44','admin','0:0:0:0:0:0:0:1','http://localhost:8080/system/role',7,'save'),('b74a69c9-b76c-43c5-80a1-3f3d2734cadd','2021-11-23 13:01:48','2021-11-23 13/01/52','admin','0:0:0:0:0:0:0:1','http://localhost/user/login',8,'home'),('b80a45f5-40ec-4767-b169-3975d2549abb','2021-11-23 20:14:10','2021-11-23 20/14/10','admin','0:0:0:0:0:0:0:1','http://localhost:8080/data/product',4,'save'),('b9799981-91e2-45f7-8b94-561aa4435d5a','2021-11-23 13:13:43','2021-11-23 13/13/43','admin','0:0:0:0:0:0:0:1','http://localhost/user/login',9,'home'),('b98c7392-fb19-4492-9ddc-fd5cf2683147','2021-11-22 18:38:40',NULL,'admin','0:0:0:0:0:0:0:1','http://localhost/data/product',5,'delete'),('b9b35b30-614c-419b-8f27-e8c6a01de824','2021-11-22 17:16:18',NULL,'admin','0:0:0:0:0:0:0:1','http://localhost/data/product',48,'save'),('b9dec7ca-0cc9-4d5b-a71b-7e3126f92609','2021-11-23 22:49:40','2021-11-23 22/49/40','admin','0:0:0:0:0:0:0:1','http://localhost:8080/system/role',18,'author'),('ba0882cd-f141-4b8e-b273-46877a7ec8b2','2021-11-23 10:28:45',NULL,'admin','0:0:0:0:0:0:0:1','http://localhost/user/login',8,'home'),('bab42971-7624-4bc4-8e91-bd8963937dd4','2021-11-23 20:35:46','2021-11-23 20/35/46','admin','0:0:0:0:0:0:0:1','http://localhost:8080/system/role',16,'author'),('bad759af-9920-42ae-b9ee-f13835fb429a','2021-11-23 08:35:58',NULL,'admin','0:0:0:0:0:0:0:1','http://localhost/system/role',9,'author'),('bae69098-02cd-45f7-abda-6bc61b82ceb9','2021-11-23 11:09:40',NULL,'admin','0:0:0:0:0:0:0:1','http://localhost/user/login',10,'home'),('baf3e66f-98aa-4310-83ea-ffa7936d73d5','2021-11-23 13:18:54','2021-11-23 13/18/54','admin','0:0:0:0:0:0:0:1','http://localhost/user/login',9,'home'),('bb3957ca-9150-4964-9322-53677143e6c6','2021-11-23 22:43:34','2021-11-23 22/43/34','admin','0:0:0:0:0:0:0:1','http://localhost:8080/system/role',7,'updateStatus'),('bb4d8b5d-133c-421f-a734-6e4f0909d567','2021-11-22 22:38:04',NULL,'admin','0:0:0:0:0:0:0:1','http://localhost/user/login',48,'setCheckCode'),('bbb9eab2-00d4-477d-9bc4-1110781bde1b','2021-11-23 12:29:40','2021-11-23 12/29/40','admin','0:0:0:0:0:0:0:1','http://localhost/data/product',7,'edit'),('bc0c80ce-e8d8-42c9-9bfa-fd0da528e68c','2021-11-23 20:31:34','2021-11-23 20/31/34','admin','0:0:0:0:0:0:0:1','http://localhost:8080/data/orders',16,'toAdd'),('bc32d8b4-ce90-45b8-8191-38cb4fa539cd','2021-11-24 08:41:24','2021-11-24 08/41/24','admin','0:0:0:0:0:0:0:1','http://localhost:8080/system/role',8,'save'),('bc3ddae4-579e-49af-a90c-561bcb3f2ab7','2021-11-23 21:09:06','2021-11-23 21/09/06','admin','0:0:0:0:0:0:0:1','http://localhost:8080/system/permission',5,'update'),('bc4133d4-1a39-4ece-abda-86bc9ead9855','2021-11-22 16:41:51',NULL,'admin','0:0:0:0:0:0:0:1','http://localhost/user/login',1,'logout'),('bc83e887-2be8-4537-889b-6ba9ae432dae','2021-11-23 21:45:40','2021-11-23 21/45/40','admin','0:0:0:0:0:0:0:1','http://localhost:8080/system/role',15,'author'),('bc929882-20de-45f6-bfe2-35324ed6a8ad','2021-11-22 18:41:57',NULL,'admin','0:0:0:0:0:0:0:1','http://localhost/data/product',149,'save'),('bd23c49a-aa71-4f59-a149-76b85e061d7e','2021-11-22 22:25:57',NULL,'admin','0:0:0:0:0:0:0:1','http://localhost/system/user',63,'toAdd'),('bd31396e-7419-422d-af12-cf9b23f538cb','2021-11-23 22:46:21','2021-11-23 22/46/21','admin','0:0:0:0:0:0:0:1','http://localhost:8080/system/role',15,'author'),('bd593798-a5b9-4cef-9a8b-5c14015d2af7','2021-11-23 14:17:21','2021-11-23 14/17/24','admin','0:0:0:0:0:0:0:1','http://localhost/data/product',12,'toEdit'),('bdb7da7c-4da0-40ac-bb4c-7ed4e385071b','2021-11-23 17:56:59','2021-11-23 17/57/02','admin','0:0:0:0:0:0:0:1','http://localhost/system/permission',4,'update'),('bdf1bf32-c812-49a8-913a-d15c619472ba','2021-11-23 12:39:20','2021-11-23 12/39/20','admin','0:0:0:0:0:0:0:1','http://localhost/system/permission',3,'save'),('be86b28c-123c-4fc8-a56a-0c4c13493227','2021-11-23 20:21:02','2021-11-23 20/21/02','admin','0:0:0:0:0:0:0:1','http://localhost:8080/data/product',3,'toAdd'),('be92ebbf-42cc-47bb-8132-1a5d5d9e19b5','2021-11-23 17:12:19','2021-11-23 17/12/19','admin','0:0:0:0:0:0:0:1','http://localhost/user/login',1,'home'),('c01797b8-5b81-45fd-8265-d285c3c48e89','2021-11-23 10:17:40',NULL,'admin','0:0:0:0:0:0:0:1','http://localhost/user/login',11,'home'),('c03aae26-002b-4ada-a036-6c93d2ca6874','2021-11-22 18:40:41',NULL,'admin','0:0:0:0:0:0:0:1','http://localhost/data/product',10,'delete'),('c0826257-da12-4409-bce2-665dc5879b7f','2021-11-23 12:35:20','2021-11-23 12/35/21','admin','0:0:0:0:0:0:0:1','http://localhost/system/role',42,'updateRolePermission'),('c0cb54fd-e233-450f-bae8-3ba574999b44','2021-11-24 11:04:57','2021-11-24 11/04/57','admin','0:0:0:0:0:0:0:1','http://localhost:8080/system/user',13,'updateRole'),('c1124e6e-b2fe-4af0-ab06-b6315064a480','2021-11-23 22:48:19','2021-11-23 22/48/19','admin','0:0:0:0:0:0:0:1','http://localhost:8080/system/role',9,'updateStatus'),('c1c4b003-2b4d-4134-bd06-905a64631207','2021-11-24 08:40:17','2021-11-24 08/40/17','admin','0:0:0:0:0:0:0:1','http://localhost:8080/system/user',8,'updateRole'),('c1f030a2-c480-419a-9791-f81d7d6b45b1','2021-11-24 11:08:27','2021-11-24 11/08/27','admin','0:0:0:0:0:0:0:1','http://localhost:8080/system/role',11,'updateStatus'),('c20b1ce6-ff95-4fe2-9c72-1739d0cbffdf','2021-11-23 22:42:23','2021-11-23 22/42/23','admin','0:0:0:0:0:0:0:1','http://localhost:8080/system/role',43,'updateRolePermission'),('c23d5356-8132-42d4-900c-405aefc45ada','2021-11-23 19:39:17','2021-11-23 19/39/17','admin','0:0:0:0:0:0:0:1','http://localhost:8080/data/orders',17,'toAdd'),('c30c2ef9-da86-4183-baad-0bcac50af779','2021-11-23 12:05:06','2021-11-23 12/05/08','admin','0:0:0:0:0:0:0:1','http://localhost/system/permission',19,'toAdd'),('c325e8eb-5c46-4066-8941-96f609ede9a4','2021-11-23 16:04:54','2021-11-23 16/04/54','admin','0:0:0:0:0:0:0:1','http://localhost/user/login',1,'home'),('c33599ec-2619-4b8a-ad98-9cd7eefbaaf1','2021-11-24 09:42:03','2021-11-24 09/42/01','admin','0:0:0:0:0:0:0:1','http://localhost:8080/system/syslog',2022,'downLoad'),('c456c943-d481-4535-bce3-8dff331b3d04','2021-11-23 13:52:12','2021-11-23 13/52/12','admin','0:0:0:0:0:0:0:1','http://localhost/system/permission',11,'searchData'),('c47ae5ae-544c-4f79-9c96-b066fa53b47c','2021-11-23 13:52:06','2021-11-23 13/52/06','admin','0:0:0:0:0:0:0:1','http://localhost/user/login',8,'home'),('c4bd2ff1-8e26-4b14-8866-6dfce16243d0','2021-11-23 13:52:33','2021-11-23 13/52/33','admin','0:0:0:0:0:0:0:1','http://localhost/system/permission',3,'searchData'),('c50156e1-1c2b-4350-b5f1-30d63572756a','2021-11-23 15:20:24','2021-11-23 15/20/25','admin','0:0:0:0:0:0:0:1','http://localhost/user/login',11,'home'),('c58e8c28-4433-4b40-b992-13cfa7f1a78f','2021-11-23 17:56:19','2021-11-23 17/56/19','admin','0:0:0:0:0:0:0:1','http://localhost/system/permission',17,'toAdd'),('c5d64ea0-3b10-4da3-b12a-41d008300e71','2021-11-23 19:33:40','2021-11-23 19/33/40','admin','0:0:0:0:0:0:0:1','http://localhost:8080/system/permission',6,'update'),('c5ed4a55-5007-480c-9b1f-f80501402f4c','2021-11-24 09:39:20','2021-11-24 09/39/20','admin','0:0:0:0:0:0:0:1','http://localhost:8080/data/orders',7,'toDetail'),('c61cef67-cc32-4fb4-ac1a-cb685d7cba6e','2021-11-23 14:35:34','2021-11-23 14/35/34','admin','0:0:0:0:0:0:0:1','http://localhost/user/login',8,'home'),('c62d75e5-e2ba-4dcc-92b6-c43865a9b719','2021-11-23 19:56:45','2021-11-23 19/56/45','admin','0:0:0:0:0:0:0:1','http://localhost:8080/system/role',27,'updateRolePermission'),('c6459d9f-5a48-4cc0-8c61-161836b5bcb3','2021-11-23 15:31:13','2021-11-23 15/31/13','admin','0:0:0:0:0:0:0:1','http://localhost/user/login',8,'home'),('c66a7d4e-332a-4451-9366-eed860aeb992','2021-11-23 22:46:10','2021-11-23 22/46/10','admin','0:0:0:0:0:0:0:1','http://localhost:8080/system/role',61,'updateRolePermission'),('c68001a7-34ef-45ee-a4c0-fac4b2aab4cc','2021-11-23 14:56:39','2021-11-23 14/56/40','admin','0:0:0:0:0:0:0:1','http://localhost/user/login',2,'home'),('c69079d1-c9b7-4be7-8afe-51a958b40abe','2021-11-23 21:08:17','2021-11-23 21/08/17','admin','0:0:0:0:0:0:0:1','http://localhost:8080/system/role',15,'author'),('c6c2e0b0-fba1-434a-8ae0-c4ef19d49af0','2021-11-23 15:19:28','2021-11-23 15/19/30','admin','0:0:0:0:0:0:0:1','http://localhost/system/permission',41,'toAdd'),('c6d280bd-6ab5-4233-9276-aaeed622a293','2021-11-22 21:43:57',NULL,'admin','0:0:0:0:0:0:0:1','http://localhost/system/role',61,'toAdd'),('c80f659c-842b-4f7d-aeb0-e93072dfd61f','2021-11-23 11:36:37','2021-11-23 11/36/37','admin','0:0:0:0:0:0:0:1','http://localhost/user/login',9,'home'),('c822f23b-7af5-456a-99c6-f895f33aa6c7','2021-11-23 17:02:38','2021-11-23 17/02/39','admin','0:0:0:0:0:0:0:1','http://localhost/user/login',1,'home'),('c8ada413-554f-4db6-b524-ca023a63c74f','2021-11-23 15:59:36','2021-11-23 15/59/36','admin','0:0:0:0:0:0:0:1','http://localhost/user/login',10,'home'),('c8ddff5f-9714-4bab-a53b-8a5bef92850f','2021-11-22 22:29:18',NULL,'admin','0:0:0:0:0:0:0:1','http://localhost/system/user',8,'updateRole'),('c956a69e-c19e-459c-88a0-a06fc2f67cc7','2021-11-23 21:11:35','2021-11-23 21/11/35','admin','0:0:0:0:0:0:0:1','http://localhost:8080/system/role',13,'author'),('c98f73e4-5cbc-4e44-b59b-76d7807f43e5','2021-11-24 08:40:28','2021-11-24 08/40/28','admin','0:0:0:0:0:0:0:1','http://localhost:8080/system/user',24,'addRoleToUser'),('c995fc6a-e79a-46f1-a798-cbabe19fe6c4','2021-11-23 13:37:58','2021-11-23 13/37/58','admin','0:0:0:0:0:0:0:1','http://localhost/user/login',1,'home'),('ca75bce6-4fd4-4d86-9208-ac59935e1759','2021-11-23 11:38:23','2021-11-23 11/38/23','admin','0:0:0:0:0:0:0:1','http://localhost/user/login',9,'home'),('caab28e8-0ba0-4985-9181-99de18cae311','2021-11-22 22:26:52',NULL,'admin','0:0:0:0:0:0:0:1','http://localhost/system/user',1182,'detail'),('cab5cd33-c790-4a4a-9c24-255e4244b316','2021-11-22 17:03:33',NULL,'admin','0:0:0:0:0:0:0:1','http://localhost/data/product',48,'edit'),('cb91bdd4-fb16-4263-b98f-40d389b8b402','2021-11-23 12:30:29','2021-11-23 12/30/28','admin','0:0:0:0:0:0:0:1','http://localhost/system/role',141,'author'),('cc4ddc36-67e5-4fd6-b281-8796847c71cc','2021-11-23 15:20:42','2021-11-23 15/20/42','admin','0:0:0:0:0:0:0:1','http://localhost/system/permission',46,'toAdd'),('cc6113f6-d484-4aee-879e-4bb9ec428e4c','2021-11-22 17:06:12',NULL,'admin','0:0:0:0:0:0:0:1','http://localhost/data/product',8,'toEdit'),('ccfd1b03-9b08-4efd-a360-a40c599b58b8','2021-11-23 11:54:18','2021-11-23 11/54/18','admin','0:0:0:0:0:0:0:1','http://localhost/system/permission',10,'toEdit'),('cd05354a-5707-4ac7-81be-a569e39834a0','2021-11-23 13:29:23','2021-11-23 13/29/23','admin','0:0:0:0:0:0:0:1','http://localhost/system/permission',55,'toAdd'),('cd170a77-a6c0-4584-9376-1258978e124b','2021-11-23 16:08:52','2021-11-23 16/08/53','admin','0:0:0:0:0:0:0:1','http://localhost/user/login',7,'home'),('cd5ad794-f397-4c0e-a5e3-73f8f4872de2','2021-11-23 12:35:07','2021-11-23 12/35/07','admin','0:0:0:0:0:0:0:1','http://localhost/user/login',8,'home'),('cf2ef4df-3c67-4f33-8355-b44731edf1b0','2021-11-23 14:01:26','2021-11-23 14/01/28','admin','0:0:0:0:0:0:0:1','http://localhost/system/role',83,'toEdit'),('cf436cd8-9b78-4dea-b7a2-2e20dc2688c6','2021-11-23 13:35:26','2021-11-23 13/35/27','admin','0:0:0:0:0:0:0:1','http://localhost/user/login',8,'home'),('cf6e0f43-f600-460e-8c63-79d48512ae3b','2021-11-23 11:49:50','2021-11-23 11/49/50','admin','0:0:0:0:0:0:0:1','http://localhost/system/permission',18,'toEdit'),('d017d531-76f7-4936-8987-9e0b57f0c059','2021-11-22 17:05:56',NULL,'admin','0:0:0:0:0:0:0:1','http://localhost/data/product',145,'toEdit'),('d0920c4c-9371-4fc1-937b-32f099113e57','2021-11-24 11:28:17','2021-11-24 11/28/17','admin','0:0:0:0:0:0:0:1','http://localhost:8080/data/orders',4,'close'),('d0ad9de5-e35c-4c41-8a6c-fa579095ca6c','2021-11-23 13:48:35','2021-11-23 13/48/35','admin','0:0:0:0:0:0:0:1','http://localhost/system/permission',9,'searchData'),('d0f4da13-ff98-495b-9e6b-df90f4a10756','2021-11-23 22:49:26','2021-11-23 22/49/26','admin','0:0:0:0:0:0:0:1','http://localhost:8080/system/role',8,'updateStatus'),('d17a78eb-8778-4b3a-8328-6df594c311f1','2021-11-23 19:53:53','2021-11-23 19/53/53','admin','0:0:0:0:0:0:0:1','http://localhost:8080/system/permission',3,'update'),('d1cad580-6aa9-48b9-935c-139b78710ad5','2021-11-23 20:21:43','2021-11-23 20/21/43','admin','0:0:0:0:0:0:0:1','http://localhost:8080/data/product',5,'save'),('d20329de-c251-4fa4-92ec-99d22e121d99','2021-11-23 15:24:33','2021-11-23 15/24/33','admin','0:0:0:0:0:0:0:1','http://localhost/user/login',10,'home'),('d20455d3-0eb4-40cc-ac76-618b9f11cd39','2021-11-23 14:01:08','2021-11-23 14/01/08','admin','0:0:0:0:0:0:0:1','http://localhost/system/role',400,'toEdit'),('d21581ef-e55c-4331-8109-8d13741da8e0','2021-11-23 22:45:19','2021-11-23 22/44/29','admin','0:0:0:0:0:0:0:1','http://localhost:8080/system/role',50438,'updateRolePermission'),('d2cfc795-66c8-45da-bc45-51200a3b7d1a','2021-11-23 12:40:50','2021-11-23 12/40/51','admin','0:0:0:0:0:0:0:1','http://localhost/system/permission',4,'save'),('d2f7102b-b047-4acd-b60c-7fd76267535f','2021-11-24 10:59:47','2021-11-24 10/59/47','admin','0:0:0:0:0:0:0:1','http://localhost:8080/user/login',1,'setCheckCode'),('d33da521-b517-4491-b749-f44f2470f6e1','2021-11-24 11:30:07','2021-11-24 11/30/07','admin','0:0:0:0:0:0:0:1','http://localhost:8080/system/user',6,'updateRole'),('d3c29274-622e-485d-9fc1-84c318879589','2021-11-23 12:29:38','2021-11-23 12/29/39','admin','0:0:0:0:0:0:0:1','http://localhost/data/product',11,'toEdit'),('d4c38d25-8cd2-4412-a8f8-741028520f26','2021-11-24 08:41:49','2021-11-24 08/41/49','admin','0:0:0:0:0:0:0:1','http://localhost:8080/system/role',9,'updateStatus'),('d5685bb4-1eb5-4c7e-9cc1-b015a5b49bff','2021-11-22 18:37:03',NULL,'admin','0:0:0:0:0:0:0:1','http://localhost/data/product',8,'toEdit'),('d5723ce8-1e60-49fc-8878-3a06fe364530','2021-11-23 19:57:12','2021-11-23 19/57/12','admin','0:0:0:0:0:0:0:1','http://localhost:8080/system/role',1,'toAdd'),('d5d38cff-5307-4fa0-b9fb-471817f1d3f0','2021-11-23 22:48:20','2021-11-23 22/48/20','admin','0:0:0:0:0:0:0:1','http://localhost:8080/system/role',8,'updateStatus'),('d667db04-c1c6-4193-a819-8ffc8a46d0e7','2021-11-24 11:24:41','2021-11-24 11/24/41','admin','0:0:0:0:0:0:0:1','http://localhost:8080/data/product',29,'close'),('d69d510d-c7a5-4ea2-81f4-23cb8c51b279','2021-11-23 15:28:12','2021-11-23 15/28/12','admin','0:0:0:0:0:0:0:1','http://localhost/user/login',9,'home'),('d7ec0a2b-1149-4578-b237-a62aabb74c53','2021-11-24 08:41:47','2021-11-24 08/41/47','admin','0:0:0:0:0:0:0:1','http://localhost:8080/system/role',9,'updateStatus'),('d8bc196c-0557-49e5-bd09-bd2c5fe1cbeb','2021-11-23 12:36:46','2021-11-23 12/36/46','admin','0:0:0:0:0:0:0:1','http://localhost/system/permission',21,'toAdd'),('d8f47ab9-0aa7-4143-8b8b-aa1ea24ee3b5','2021-11-23 13:48:07','2021-11-23 13/48/09','admin','0:0:0:0:0:0:0:1','http://localhost/system/permission',4,'save'),('d920a721-9e29-4b91-a88b-374885166f5b','2021-11-23 21:46:02','2021-11-23 21/46/02','admin','0:0:0:0:0:0:0:1','http://localhost:8080/system/role',9,'edit'),('d95ace89-647a-416b-9228-77db27d0fb06','2021-11-23 16:26:30','2021-11-23 16/26/31','admin','0:0:0:0:0:0:0:1','http://localhost/user/login',12,'home'),('d9768d63-1c7e-4eb4-bb01-3669b13f3c30','2021-11-23 11:59:00','2021-11-23 11/59/00','admin','0:0:0:0:0:0:0:1','http://localhost/system/permission',3,'update'),('d9ce2d75-ef2a-4768-bd0d-d74c2d1c6f9c','2021-11-23 16:58:05','2021-11-23 16/58/06','admin','0:0:0:0:0:0:0:1','http://localhost/system/role',8,'save'),('d9eaaa04-77f9-4533-ac86-8d9b2a045fe6','2021-11-23 17:45:40','2021-11-23 17/45/40','admin','0:0:0:0:0:0:0:1','http://localhost/user/login',1,'home'),('da48e5b9-bd3c-43dc-b8d9-60928e14674f','2021-11-23 10:32:19',NULL,'admin','0:0:0:0:0:0:0:1','http://localhost/user/login',9,'home'),('da4e359d-dd1e-4b32-aa69-3d8b1b61cc12','2021-11-24 08:40:30','2021-11-24 08/40/30','admin','0:0:0:0:0:0:0:1','http://localhost:8080/system/user',8,'updateRole'),('db2e69f2-e6ac-4ab2-a4d5-7a6758ca5fc4','2021-11-23 12:37:58','2021-11-23 12/37/58','admin','0:0:0:0:0:0:0:1','http://localhost/system/permission',33,'toAdd'),('db7b8733-ceb2-4889-bb3f-90e993fdbf7d','2021-11-23 13:24:47','2021-11-23 13/24/47','admin','0:0:0:0:0:0:0:1','http://localhost/system/permission',6,'save'),('dba7d22b-2d14-40a1-a22a-58df5f23e31b','2021-11-23 14:16:47','2021-11-23 14/16/47','admin','0:0:0:0:0:0:0:1','http://localhost/user/login',7,'home'),('dbb5a469-acbc-4176-9a69-d4c6d3127b9b','2021-11-22 18:41:14',NULL,'admin','0:0:0:0:0:0:0:1','http://localhost/data/product',6,'save'),('dbe7470a-4d37-45a5-90db-2a4a7e88c5e9','2021-11-23 20:35:37','2021-11-23 20/35/37','admin','0:0:0:0:0:0:0:1','http://localhost:8080/system/permission',22,'toEdit'),('dcc78968-6503-48d9-94ad-4c00c76d03d8','2021-11-23 20:35:39','2021-11-23 20/35/39','admin','0:0:0:0:0:0:0:1','http://localhost:8080/system/permission',15,'toEdit'),('dce753c2-4d22-41d3-9b6f-0a736c7337af','2021-11-22 18:41:06',NULL,'admin','0:0:0:0:0:0:0:1','http://localhost/data/product',6,'toAdd'),('dddf1a21-6997-481b-a1c7-043def1cb625','2021-11-23 17:11:15','2021-11-23 17/11/15','admin','0:0:0:0:0:0:0:1','http://localhost/user/login',1,'home'),('ddef9bbf-78eb-4b52-bc2a-2b7ae362177f','2021-11-23 19:31:25','2021-11-23 19/31/25','admin','0:0:0:0:0:0:0:1','http://localhost:8080/system/permission',15,'toAdd'),('ddf5a7c8-ff0e-4518-9530-fab018a99a35','2021-11-23 12:51:32','2021-11-23 12/51/32','admin','0:0:0:0:0:0:0:1','http://localhost/user/login',8,'home'),('de51a74e-5dc1-4a33-ae40-5469e60c5c55','2021-11-23 17:45:02','2021-11-23 17/45/01','admin','0:0:0:0:0:0:0:1','http://localhost/user/login',10,'home'),('de7c51b4-fc88-40de-b0ea-69711c08a671','2021-11-23 12:58:35','2021-11-23 12/58/40','admin','0:0:0:0:0:0:0:1','http://localhost/data/orders',4,'deleteByIds'),('deb23671-b5a9-4f45-bd19-67cd961cdeda','2021-11-24 10:18:25','2021-11-24 10/18/25','ai','0:0:0:0:0:0:0:1','http://localhost:8080/system/role',19,'author'),('dfe9456e-ae73-413b-af4c-2f8d1a2f6e6c','2021-11-23 22:44:34','2021-11-23 22/44/34','admin','0:0:0:0:0:0:0:1','http://localhost:8080/system/role',48,'author'),('e0148490-98f9-4052-8aad-d920ca4ff42d','2021-11-23 12:54:08','2021-11-23 12/54/08','admin','0:0:0:0:0:0:0:1','http://localhost/data/orders',137,'toDetail'),('e0293656-dbeb-4830-b2bd-4f09ed9a5b66','2021-11-23 10:12:42',NULL,'admin','0:0:0:0:0:0:0:1','http://localhost/user/login',0,'home'),('e04f2d2b-1e55-45d4-84d9-7200ea1da6f6','2021-11-23 08:35:22',NULL,'admin','0:0:0:0:0:0:0:1','http://localhost/system/role',27,'updateRolePermission'),('e0568052-489e-48a7-8a02-d7fcc5cf6f83','2021-11-23 21:11:55','2021-11-23 21/11/55','admin','0:0:0:0:0:0:0:1','http://localhost:8080/system/role',11,'author'),('e087f888-258b-4f52-8d68-dd5a6efbb600','2021-11-23 20:21:25','2021-11-23 20/21/25','admin','0:0:0:0:0:0:0:1','http://localhost:8080/data/product',4,'save'),('e1503792-30e0-4a8d-8afa-ce87e44572bb','2021-11-23 12:40:18','2021-11-23 12/40/19','admin','0:0:0:0:0:0:0:1','http://localhost/system/permission',27,'toAdd'),('e18b9889-d23e-4834-b7e7-1f94da4e6738','2021-11-23 11:49:27','2021-11-23 11/49/27','admin','0:0:0:0:0:0:0:1','http://localhost/system/permission',18,'toEdit'),('e1c78700-1913-48ef-8a4e-7a59f0bc3319','2021-11-23 16:10:04','2021-11-23 16/10/05','admin','0:0:0:0:0:0:0:1','http://localhost/user/login',10,'home'),('e23c13e2-5141-4a3c-95d5-c2f5d4ecb8e5','2021-11-23 21:58:23','2021-11-23 21/58/23','admin','0:0:0:0:0:0:0:1','http://localhost:8080/system/user',13,'detail'),('e29054db-2142-4893-97fa-be3e8c421011','2021-11-23 22:46:16','2021-11-23 22/46/16','admin','0:0:0:0:0:0:0:1','http://localhost:8080/system/role',46,'updateRolePermission'),('e2de25d0-db43-4dac-8329-32f6d27d3e23','2021-11-23 22:42:32','2021-11-23 22/42/32','admin','0:0:0:0:0:0:0:1','http://localhost:8080/system/role',12,'author'),('e315182b-433a-499d-bc8e-6d49134819e7','2021-11-23 19:50:20','2021-11-23 19/50/20','admin','0:0:0:0:0:0:0:1','http://localhost:8080/system/role',3,'toEdit'),('e354b741-c1ab-4e39-a6f7-824fdc8c7ef6','2021-11-23 19:56:32','2021-11-23 19/56/32','admin','0:0:0:0:0:0:0:1','http://localhost:8080/system/role',6,'edit'),('e3be5849-e55c-4ffa-a026-9a6cc38b8c2f','2021-11-23 15:06:46','2021-11-23 15/06/47','admin','0:0:0:0:0:0:0:1','http://localhost/user/login',2,'home'),('e3cd36d2-7f9d-4b53-a05f-b12245bbdee5','2021-11-22 17:16:07',NULL,'admin','0:0:0:0:0:0:0:1','http://localhost/data/product',12,'toAdd'),('e447c593-5e70-4468-9608-4ce76bf07506','2021-11-23 11:23:34',NULL,'ai','0:0:0:0:0:0:0:1','http://localhost/user/login',11,'home'),('e5bc007e-97ea-4c37-8920-729b64e61e5a','2021-11-23 11:10:32',NULL,'ai','0:0:0:0:0:0:0:1','http://localhost/user/login',1,'home'),('e5d06d4b-96ad-4857-9603-f0d0fa3e65cf','2021-11-23 15:28:15','2021-11-23 15/28/16','admin','0:0:0:0:0:0:0:1','http://localhost/system/permission',21,'toAdd'),('e5fb9a49-8337-4b01-b34f-c12eda94be9c','2021-11-22 17:00:30',NULL,'admin','0:0:0:0:0:0:0:1','http://localhost/data/product',49,'save'),('e68b0bf5-26fe-4e6e-902f-341c487a1d5f','2021-11-23 20:31:29','2021-11-23 20/31/29','admin','0:0:0:0:0:0:0:1','http://localhost:8080/data/product',24,'close'),('e7314ff2-1572-486f-90ae-e75f5b7220af','2021-11-24 11:08:30','2021-11-24 11/08/30','admin','0:0:0:0:0:0:0:1','http://localhost:8080/system/role',8,'updateStatus'),('e7739f6f-bcdc-4c51-b7be-5f3b82f0b675','2021-11-23 21:01:23','2021-11-23 21/01/23','ai','0:0:0:0:0:0:0:1','http://localhost:8080/system/role',5,'toEdit'),('e781120d-6019-43db-8e51-f9f1830d7c93','2021-11-22 16:59:49',NULL,'admin','0:0:0:0:0:0:0:1','http://localhost/data/product',593,'toAdd'),('e7bfd730-237a-4be9-af9b-578e0b604354','2021-11-23 22:46:34','2021-11-23 22/46/34','admin','0:0:0:0:0:0:0:1','http://localhost:8080/system/role',14,'author'),('e7c610af-ebf4-45fc-895c-e00c1dba9e9c','2021-11-23 22:45:31','2021-11-23 22/45/31','admin','0:0:0:0:0:0:0:1','http://localhost:8080/system/role',12,'author'),('e86a1b89-a010-4fb0-b388-d75b66b1591c','2021-11-23 14:54:44','2021-11-23 14/54/49','admin','0:0:0:0:0:0:0:1','http://localhost/user/login',8,'home'),('e888d8ff-d70b-45c1-845b-af58fa3d7f34','2021-11-23 12:30:15','2021-11-23 12/30/20','admin','0:0:0:0:0:0:0:1','http://localhost/user/login',10,'home'),('e8de3026-ece6-4476-9466-672d82f2a565','2021-11-23 11:57:03','2021-11-23 11/57/04','admin','0:0:0:0:0:0:0:1','http://localhost/system/role',136,'author'),('e8e657d1-bfe5-437c-803e-115e2b6b3dfb','2021-11-23 10:14:26',NULL,'ai','0:0:0:0:0:0:0:1','http://localhost/user/login',599,'home'),('e9f5bd58-8f70-4f13-9494-87ac90d1e28f','2021-11-23 21:03:03','2021-11-23 21/03/03','ai','0:0:0:0:0:0:0:1','http://localhost:8080/system/role',3,'toEdit'),('ea45caa0-c4e1-4881-b07a-8b05796b7063','2021-11-23 11:52:44','2021-11-23 11/52/45','admin','0:0:0:0:0:0:0:1','http://localhost/system/permission',4,'update'),('ea74f1d5-2e23-41fb-bd96-1945df3ece71','2021-11-23 12:54:00','2021-11-23 12/54/00','admin','0:0:0:0:0:0:0:1','http://localhost/data/orders',82,'toAdd'),('ed2ce613-8149-402b-b323-e6697f3237ae','2021-11-23 12:15:22','2021-11-23 12/15/25','admin','0:0:0:0:0:0:0:1','http://localhost/data/product',8,'toAdd'),('ed54983d-a212-4e8a-97a8-6295bf9e2c14','2021-11-23 13:17:40','2021-11-23 13/17/43','admin','0:0:0:0:0:0:0:1','http://localhost/user/login',8,'home'),('ed616278-4cbc-46b6-a141-d56e28645b2b','2021-11-23 11:36:43','2021-11-23 11/36/43','admin','0:0:0:0:0:0:0:1','http://localhost/system/permission',19,'openSelected'),('ed99a63e-37ba-4c54-8da4-d7969229d86c','2021-11-23 22:41:08','2021-11-23 22/41/07','admin','0:0:0:0:0:0:0:1','http://localhost:8080/system/role',53,'edit'),('edfd68ca-62ad-4fc2-901d-aec0a9529ff7','2021-11-23 16:31:19','2021-11-23 16/31/22','admin','0:0:0:0:0:0:0:1','http://localhost/system/permission',22,'toEdit'),('ee0a7b04-9a37-4864-9b71-e7b3a8f016f9','2021-11-24 08:40:01','2021-11-24 08/40/01','admin','0:0:0:0:0:0:0:1','http://localhost:8080/system/user',6,'updateStatus'),('ee936853-22e0-44c8-85ff-d402ce1eb952','2021-11-22 18:42:34',NULL,'admin','0:0:0:0:0:0:0:1','http://localhost/data/product',3,'delete'),('eec02219-e300-404d-8c37-1ea813118fd1','2021-11-23 19:38:44','2021-11-23 19/38/44','admin','0:0:0:0:0:0:0:1','http://localhost:8080/data/orders',28,'deleteByIds'),('ef531161-a986-4b81-a11b-fbecdf07cf70','2021-11-23 15:57:18','2021-11-23 15/57/18','admin','0:0:0:0:0:0:0:1','http://localhost/user/login',1,'home'),('ef573828-150c-4113-af45-971e81e06313','2021-11-22 22:27:05',NULL,'admin','0:0:0:0:0:0:0:1','http://localhost/system/user',83,'updateRole'),('efd32192-d73e-478c-ad9d-90a25bb4ba23','2021-11-23 13:46:33','2021-11-23 13/46/33','admin','0:0:0:0:0:0:0:1','http://localhost/system/permission',71,'toAdd'),('efd4a094-25a8-4589-9eb3-ab6a15eec619','2021-11-23 21:37:28','2021-11-23 21/37/28','admin','0:0:0:0:0:0:0:1','http://localhost:8080/system/role',10,'updateStatus'),('f0032cdb-ce47-40c1-8b1f-1870f7d3f6a1','2021-11-23 15:54:03','2021-11-23 15/54/04','admin','0:0:0:0:0:0:0:1','http://localhost/user/login',2,'home'),('f0ca3485-9151-4015-a07b-6ef8d069314d','2021-11-23 17:01:53','2021-11-23 17/01/56','admin','0:0:0:0:0:0:0:1','http://localhost/user/login',1,'home'),('f1338d62-413c-4767-8154-53de6990fce7','2021-11-23 19:40:57','2021-11-23 19/40/57','admin','0:0:0:0:0:0:0:1','http://localhost:8080/system/user',7,'addRoleToUser'),('f1412833-4af6-4864-a141-a7f9fdefa705','2021-11-22 17:01:12',NULL,'admin','0:0:0:0:0:0:0:1','http://localhost/data/product',28,'open'),('f148c261-06f7-425b-a947-0955806222f5','2021-11-22 17:19:11',NULL,'admin','0:0:0:0:0:0:0:1','http://localhost/data/orders',11,'toDetail'),('f1b73655-b474-4bb9-8b37-274ab51eb90b','2021-11-23 09:17:45',NULL,'admin','0:0:0:0:0:0:0:1','http://localhost/system/role',156,'author'),('f1ce7a27-9d84-4152-b15c-d8aef7cfd11e','2021-11-23 12:26:17','2021-11-23 12/26/18','admin','0:0:0:0:0:0:0:1','http://localhost/system/role',2,'toAdd'),('f226b7a3-b33d-4237-9b94-945fa9f5b807','2021-11-23 22:48:15','2021-11-23 22/48/15','admin','0:0:0:0:0:0:0:1','http://localhost:8080/system/role',8,'updateStatus'),('f255fcd9-7d20-4c6b-a857-7d14cfea4a96','2021-11-22 18:27:10',NULL,'admin','0:0:0:0:0:0:0:1','http://localhost/data/product',9,'save'),('f2c86b37-c61e-4caa-a9ec-0bcf4c7b1197','2021-11-23 19:33:03','2021-11-23 19/33/03','admin','0:0:0:0:0:0:0:1','http://localhost:8080/data/product',1,'toAdd'),('f3138448-3188-43eb-84d3-52da2623c86e','2021-11-23 16:04:51','2021-11-23 16/04/51','admin','0:0:0:0:0:0:0:1','http://localhost/user/login',2,'home'),('f32261b7-87b2-438a-9aec-3fd4e46aa873','2021-11-23 13:21:30','2021-11-23 13/21/30','admin','0:0:0:0:0:0:0:1','http://localhost/system/permission',32,'toAdd'),('f3f9cf48-3a0e-4618-9a1a-6c035c75e624','2021-11-23 20:18:22','2021-11-23 20/18/22','admin','0:0:0:0:0:0:0:1','http://localhost:8080/data/orders',4,'toAdd'),('f523a907-33ec-4137-a72b-99f59a2b7d88','2021-11-24 11:05:12','2021-11-24 11/05/12','admin','0:0:0:0:0:0:0:1','http://localhost:8080/system/user',12,'addRoleToUser'),('f525a6b6-ef29-4e9b-9414-13e0332a3b13','2021-11-23 15:24:36','2021-11-23 15/24/36','admin','0:0:0:0:0:0:0:1','http://localhost/system/permission',19,'toAdd'),('f5305644-4e5e-43b5-98a2-8a91a17d2f9a','2021-11-24 11:08:30','2021-11-24 11/08/30','admin','0:0:0:0:0:0:0:1','http://localhost:8080/system/role',9,'updateStatus'),('f5dde8df-691b-4cab-ab4d-b1f6c5366d96','2021-11-23 13:29:56','2021-11-23 13/29/58','admin','0:0:0:0:0:0:0:1','http://localhost/system/permission',4,'save'),('f5e12193-60f4-4819-809a-abc04bdb8c7e','2021-11-23 20:06:34','2021-11-23 20/06/34','admin','0:0:0:0:0:0:0:1','http://localhost:8080/system/permission',5,'closeSelected'),('f5fc89da-7913-40aa-9297-3b9a75b2c763','2021-11-24 11:23:47','2021-11-24 11/23/47','admin','0:0:0:0:0:0:0:1','http://localhost:8080/data/product',5,'save'),('f606e166-ddaa-4622-a952-f81d0ad8261c','2021-11-23 16:58:02','2021-11-23 16/58/03','admin','0:0:0:0:0:0:0:1','http://localhost/system/role',1,'toAdd'),('f6620db4-9f9b-4cbf-b0a0-ef19c89784bb','2021-11-24 08:27:57','2021-11-24 08/27/56','admin','0:0:0:0:0:0:0:1','http://localhost:8080/user/login',47,'setCheckCode'),('f6675389-8c72-4f14-aab1-ce5e72d8a119','2021-11-23 16:04:55','2021-11-23 16/04/55','admin','0:0:0:0:0:0:0:1','http://localhost/user/login',0,'home'),('f6dddb2e-46bc-440f-bdd3-4e861d754c8a','2021-11-23 22:49:43','2021-11-23 22/49/43','admin','0:0:0:0:0:0:0:1','http://localhost:8080/system/role',13,'author'),('f70f6499-c5f0-4a49-95ca-30d92a4788ba','2021-11-24 11:24:08','2021-11-24 11/24/08','admin','0:0:0:0:0:0:0:1','http://localhost:8080/data/product',7,'edit'),('f717fdab-2990-4275-8f2a-bc1d69431d02','2021-11-23 13:30:48','2021-11-23 13/30/49','admin','0:0:0:0:0:0:0:1','http://localhost/user/login',9,'home'),('f73b9327-e5eb-4b86-b3a4-b0c38140186e','2021-11-23 22:42:01','2021-11-23 22/42/01','admin','0:0:0:0:0:0:0:1','http://localhost:8080/system/role',24,'author'),('f76956d1-fb77-49cd-b907-0515b94e7f4a','2021-11-23 20:05:54','2021-11-23 20/05/54','admin','0:0:0:0:0:0:0:1','http://localhost:8080/system/permission',9,'toEdit'),('f7a1aa02-7fd1-4544-8ddd-b1094f751956','2021-11-24 10:17:43','2021-11-24 10/17/43','ai','0:0:0:0:0:0:0:1','http://localhost:8080/system/user',6,'updateRole'),('f7aa76b9-96ce-45f7-9b1c-c532a2a71575','2021-11-23 12:25:45','2021-11-23 12/25/51','admin','0:0:0:0:0:0:0:1','http://localhost/system/user',2,'toAdd'),('f7b08309-7dbd-48bc-a122-4ec06cf249cd','2021-11-23 19:50:06','2021-11-23 19/50/06','admin','0:0:0:0:0:0:0:1','http://localhost:8080/system/role',3,'toEdit'),('f7e0b5a9-bc72-4e83-b76e-3fa31ddc93c0','2021-11-23 21:03:00','2021-11-23 21/03/00','ai','0:0:0:0:0:0:0:1','http://localhost:8080/system/role',4,'toAdd'),('f7ffe194-2820-4f36-84d3-9659c337516a','2021-11-23 08:36:07',NULL,'admin','0:0:0:0:0:0:0:1','http://localhost/system/role',16,'updateRolePermission'),('f87af95f-6746-4a4e-83a2-893282472620','2021-11-23 21:12:20','2021-11-23 21/12/20','admin','0:0:0:0:0:0:0:1','http://localhost:8080/system/role',11,'author'),('f888b3ec-ed7a-40d1-b9bf-68a870325388','2021-11-22 16:37:19',NULL,'admin','0:0:0:0:0:0:0:1','http://localhost/data/orders',6,'open'),('f8e3d083-d102-43fe-bc39-0979c3911949','2021-11-23 21:13:45','2021-11-23 21/13/45','admin','0:0:0:0:0:0:0:1','http://localhost:8080/system/permission',5,'closeSelected'),('f917f840-52b1-4605-86ce-c1f21bbe0a8e','2021-11-23 13:56:01','2021-11-23 13/56/01','admin','0:0:0:0:0:0:0:1','http://localhost/user/login',9,'home'),('fa00ca3a-92d0-40e2-a4d1-a44f243d6e30','2021-11-23 15:28:21','2021-11-23 15/28/22','admin','0:0:0:0:0:0:0:1','http://localhost/system/permission',23,'toEdit'),('fa5ad803-8983-4421-a9a7-b81c54ab2538','2021-11-22 18:25:24',NULL,'admin','0:0:0:0:0:0:0:1','http://localhost/data/product',10,'edit'),('fa7d14fe-7bbf-4eef-afa1-a8111177aa31','2021-11-23 21:34:17','2021-11-23 21/34/17','admin','0:0:0:0:0:0:0:1','http://localhost:8080/system/role',63,'updateRolePermission'),('fae304ca-58c9-4cd9-91ed-06d75096b5ba','2021-11-22 22:26:50',NULL,'admin','0:0:0:0:0:0:0:1','http://localhost/system/user',9,'updateStatus'),('fb09fc8a-b258-4807-94f2-2746632c4d48','2021-11-23 13:48:46','2021-11-23 13/48/46','admin','0:0:0:0:0:0:0:1','http://localhost/system/permission',57,'toAdd'),('fb1334bc-6ee8-46f6-8626-08f4c21797ad','2021-11-23 17:16:46','2021-11-23 17/16/46','admin','0:0:0:0:0:0:0:1','http://localhost/user/login',2,'home'),('fbdcc788-7c19-4296-9aaa-412b05a70f86','2021-11-24 10:59:19','2021-11-24 10/59/19','admin','0:0:0:0:0:0:0:1','http://localhost:8080/user/login',53,'setCheckCode'),('fcdc2189-63e8-4175-8416-1912282c8587','2021-11-23 19:56:38','2021-11-23 19/56/38','admin','0:0:0:0:0:0:0:1','http://localhost:8080/system/role',41,'updateRolePermission'),('fd033e73-2361-477e-bfc7-13310d4aee42','2021-11-23 12:28:14','2021-11-23 12/28/14','admin','0:0:0:0:0:0:0:1','http://localhost/user/login',9,'home'),('fd183d77-4b55-40fe-83aa-111914a5ea8d','2021-11-23 19:30:45','2021-11-23 19/30/45','admin','0:0:0:0:0:0:0:1','http://localhost:8080/data/product',16,'toAdd'),('fd2e13b7-3055-4b12-8cb8-664dace2ac3c','2021-11-23 21:10:50','2021-11-23 21/10/49','admin','0:0:0:0:0:0:0:1','http://localhost:8080/system/role',16,'author'),('fd4687d2-9cb7-4cb1-9635-8bbcb787291a','2021-11-23 16:58:49','2021-11-23 16/58/49','admin','0:0:0:0:0:0:0:1','http://localhost/system/role',16,'delete'),('fdee610b-2d2c-425d-8a36-83a4c2dc9b78','2021-11-23 17:53:35','2021-11-23 17/53/39','admin','0:0:0:0:0:0:0:1','http://localhost/system/permission',630,'toAdd'),('fea49c9f-ee63-491b-8b8c-4a687b13cc1e','2021-11-23 13:40:34','2021-11-23 13/40/35','admin','0:0:0:0:0:0:0:1','http://localhost/system/permission',43,'toAdd'),('feb94094-eaeb-423a-a78d-c2ce93305094','2021-11-23 13:57:11','2021-11-23 13/57/11','admin','0:0:0:0:0:0:0:1','http://localhost/system/permission',15,'toAdd'),('ff577786-f895-48a9-8398-fda5d74c0068','2021-11-24 11:31:02','2021-11-24 11/31/02','admin','0:0:0:0:0:0:0:1','http://localhost:8080/system/user',5,'updateRole'),('ff5cedda-b81a-4283-8d67-ec33f23cb3e7','2021-11-23 08:35:24',NULL,'admin','0:0:0:0:0:0:0:1','http://localhost/system/role',1,'toAdd'),('ff7631a8-ff01-4b7d-bc25-980df225c221','2021-11-23 15:20:26','2021-11-23 15/20/27','admin','0:0:0:0:0:0:0:1','http://localhost/system/permission',37,'toAdd'),('ff8d8d47-133f-484b-8283-95ca6928d1fb','2021-11-22 16:37:11',NULL,'admin','0:0:0:0:0:0:0:1','http://localhost/data/orders',28,'close'),('ffeb5484-eb2f-4f34-9f3d-8f9fb71e586c','2021-11-23 11:16:56',NULL,'ai','0:0:0:0:0:0:0:1','http://localhost/user/login',8,'home');

/*Table structure for table `traveller` */

CREATE TABLE `traveller` (
  `id` varchar(100) NOT NULL,
  `NAME` varchar(20) DEFAULT NULL,
  `sex` varchar(20) DEFAULT NULL,
  `phoneNum` varchar(20) DEFAULT NULL,
  `credentialsType` int(11) DEFAULT NULL,
  `credentialsNum` varchar(50) DEFAULT NULL,
  `travellerType` int(11) DEFAULT NULL,
  PRIMARY KEY (`id`)
) ENGINE=InnoDB DEFAULT CHARSET=utf8;

/*Data for the table `traveller` */

insert  into `traveller`(`id`,`NAME`,`sex`,`phoneNum`,`credentialsType`,`credentialsNum`,`travellerType`) values ('3FE27DF2A4E44A6DBC5D0FE4651D3D3E','张龙','男','13333333333',0,'123456789009876543',0),('EE7A71FB6945483FBF91543DBE851960','张小龙','男','15555555555',0,'987654321123456789',1),('EE7A71FB6945483FBF92543DBE851960','柳岩','女','18885626336',1,'923234121212154554',1);

/*Table structure for table `users` */

CREATE TABLE `users` (
  `id` varchar(50) NOT NULL,
  `email` varchar(50) NOT NULL,
  `username` varchar(50) DEFAULT NULL,
  `PASSWORD` varchar(50) DEFAULT NULL,
  `phoneNum` varchar(20) DEFAULT NULL,
  `STATUS` int(11) DEFAULT NULL,
  PRIMARY KEY (`id`),
  UNIQUE KEY `email` (`email`)
) ENGINE=InnoDB DEFAULT CHARSET=utf8;

/*Data for the table `users` */

insert  into `users`(`id`,`email`,`username`,`PASSWORD`,`phoneNum`,`STATUS`) values ('07847674-19ce-4975-9d48-5343f55477dd','haha@qq.com','haha','ICy5YqxZB1uWSwcVLSNLcA==','4543543534',0),('1','root@123.com','admin','aY1RoZ2KEhzlgUmde3AWaA==','11122223333',1),('2','admin@123.com','ai','aY1RoZ2KEhzlgUmde3AWaA==','222',1),('3825bb55-4651-4cb5-9103-2e2ae456af68','root@123.comss','sfsd','sdg','sdf',1),('3ae43454-bf35-4d46-9ca7-5e479554befa','11@.com','小爱','520','11',1),('42721bc9-8343-41df-ab11-f82a71a60705','qqq@ww.com','test1','123','11122223333',1),('51aa6d73-8537-40c0-baf9-a77a821611e7','1234@.com','111','aY1RoZ2KEhzlgUmde3AWaA==','1111',0),('a59bc0c0-054f-4fff-9167-030f54db5483','qwer@qq.com','testq','ICy5YqxZB1uWSwcVLSNLcA==','11122223333',1),('a6e875ae-45c6-48a9-9991-8b22971328c8','adddmin@123.com','sfsd','gdfds','sdfsgg',1),('cab585c2-591e-4a0c-a7bd-84ccbfd5f46f','root@1223.com','dsfsdlgj','hjtt','fvjfhj',1),('d174668a-e104-447f-987d-4956e06471fe','rosssot@123.com','ggsdf','sdf3ed','sdfsggss',1),('d6bbe6fe-1b03-4f89-b108-70ca1228d15a','root@111.com','qqq','123','111',1),('fa3fecbc-fcfa-4f3d-8985-4f4f5eafd15d','1234@1.com','test11','1234','11122223333',1);

/*Table structure for table `users_role` */

CREATE TABLE `users_role` (
  `userId` varchar(50) NOT NULL DEFAULT '',
  `roleId` varchar(50) NOT NULL DEFAULT '',
  PRIMARY KEY (`userId`,`roleId`),
  KEY `roleId` (`roleId`),
  CONSTRAINT `users_role_ibfk_1` FOREIGN KEY (`userId`) REFERENCES `users` (`id`),
  CONSTRAINT `users_role_ibfk_2` FOREIGN KEY (`roleId`) REFERENCES `role` (`id`)
) ENGINE=InnoDB DEFAULT CHARSET=utf8;

/*Data for the table `users_role` */

insert  into `users_role`(`userId`,`roleId`) values ('1','6c418863-0ab0-4483-b404-635f96e0e5bd'),('3825bb55-4651-4cb5-9103-2e2ae456af68','6c418863-0ab0-4483-b404-635f96e0e5bd'),('1','71d81de4-e773-4dba-a7cb-dfc6a702ea4c'),('3825bb55-4651-4cb5-9103-2e2ae456af68','71d81de4-e773-4dba-a7cb-dfc6a702ea4c'),('1','b422e903-ee76-4c0e-8f29-b72aef64bcb3'),('3825bb55-4651-4cb5-9103-2e2ae456af68','d11ddabc-a9f3-4709-85ee-a378674cec7c'),('2','e096f497-2b09-4655-8562-55c7039869df'),('3825bb55-4651-4cb5-9103-2e2ae456af68','e096f497-2b09-4655-8562-55c7039869df'),('07847674-19ce-4975-9d48-5343f55477dd','e10a00b1-8ae7-4dec-80b3-9ddbfe698608'),('3825bb55-4651-4cb5-9103-2e2ae456af68','e10a00b1-8ae7-4dec-80b3-9ddbfe698608'),('d6bbe6fe-1b03-4f89-b108-70ca1228d15a','e10a00b1-8ae7-4dec-80b3-9ddbfe698608'),('07847674-19ce-4975-9d48-5343f55477dd','ee4ea97a-5640-46bc-b030-df633eafc931'),('3825bb55-4651-4cb5-9103-2e2ae456af68','ee4ea97a-5640-46bc-b030-df633eafc931'),('07847674-19ce-4975-9d48-5343f55477dd','f37e2885-ac43-47ef-98c6-7ffea0ee2125'),('1','f37e2885-ac43-47ef-98c6-7ffea0ee2125'),('3825bb55-4651-4cb5-9103-2e2ae456af68','f37e2885-ac43-47ef-98c6-7ffea0ee2125'),('3825bb55-4651-4cb5-9103-2e2ae456af68','fe0d234e-e6f9-49e2-a640-30f5b2009c44');

/*!40101 SET SQL_MODE=@OLD_SQL_MODE */;
/*!40014 SET FOREIGN_KEY_CHECKS=@OLD_FOREIGN_KEY_CHECKS */;
/*!40014 SET UNIQUE_CHECKS=@OLD_UNIQUE_CHECKS */;
/*!40111 SET SQL_NOTES=@OLD_SQL_NOTES */;
